Country Name,ISO,2001,2002,2003,2004,2005,2006,2007,2008,2009,2010,2011,2012,2013,2014,2015,2016,2017,2018,2019
Aruba,ABW,73.787,73.853,73.937,74.038,74.156,74.287,74.429,74.576,74.725,74.872,75.017,75.158,75.299,75.441,75.583,75.725,75.868,76.01,76.152
Afghanistan,AFG,55.841,56.308,56.784,57.271,57.772,58.29,58.826,59.375,59.93,60.484,61.028,61.553,62.054,62.525,62.966,63.377,63.763,64.13,64.486
Angola,AGO,46.522,47.059,47.702,48.44,49.263,50.165,51.143,52.177,53.243,54.311,55.35,56.33,57.236,58.054,58.776,59.398,59.925,60.379,60.782
Albania,ALB,73.955,74.288,74.579,74.828,75.039,75.228,75.423,75.646,75.912,76.221,76.562,76.914,77.252,77.554,77.813,78.025,78.194,78.333,78.458
Andorra,AND,,,,,,,,,,,,,,,,,,,
Arab World,ARB,67.80059112,68.07251852,68.34024599,68.61050538,68.88618772,69.1646828,69.43945919,69.70155465,69.94217427,70.15756004,70.34991623,70.5287748,70.7038266,70.88225372,71.06429242,71.24957141,71.43649685,71.62252635,71.80682516
United Arab Emirates,ARE,74.327,74.544,74.758,74.968,75.174,75.376,75.573,75.767,75.957,76.145,76.332,76.521,76.711,76.903,77.095,77.285,77.47,77.647,77.814
Argentina,ARG,73.576,73.755,73.932,74.107,74.28,74.451,74.62,74.787,74.952,75.116,75.278,75.439,75.598,75.756,75.913,76.068,76.221,76.372,76.52
Armenia,ARM,71.409,71.8,72.112,72.348,72.513,72.626,72.716,72.815,72.946,73.118,73.331,73.572,73.82,74.056,74.273,74.467,74.64,74.797,74.945
American Samoa,ASM,,,,,,,,,,,,,,,,,,,
Antigua and Barbuda,ATG,73.94,74.171,74.395,74.613,74.821,75.019,75.204,75.376,75.535,75.683,75.823,75.956,76.087,76.218,76.349,76.483,76.617,76.752,76.885
Australia,AUS,79.23414634,79.63414634,79.93658537,80.23902439,80.4902439,80.84146341,81.04146341,81.29268293,81.39512195,81.54390244,81.69512195,81.89512195,82.04634146,82.14878049,82.3,82.4,82.44878049,82.5,82.74878049
Austria,AUT,78.12682927,78.57560976,78.67804878,78.63170732,79.1804878,79.33170732,79.8804878,80.1804878,80.43170732,80.33170732,80.5804878,80.98292683,80.93658537,81.13658537,81.4902439,81.1902439,81.64146341,81.64390244,81.69268293
Azerbaijan,AZE,66.763,67.054,67.391,67.791,68.249,68.747,69.259,69.752,70.201,70.597,70.938,71.234,71.506,71.768,72.022,72.266,72.493,72.693,72.864
Burundi,BDI,49.091,49.93,50.81,51.69,52.547,53.369,54.163,54.944,55.721,56.488,57.228,57.925,58.568,59.148,59.665,60.123,60.528,60.898,61.247
Belgium,BEL,77.72195122,77.97317073,78.07560976,78.12926829,78.87804878,78.9804878,79.3804878,79.78292683,79.6804878,80.03414634,80.18292683,80.58536585,80.38536585,80.58780488,81.28780488,80.99268293,81.43902439,81.49268293,81.59512195
Benin,BEN,55.391,55.668,56.025,56.436,56.887,57.355,57.817,58.255,58.654,59.009,59.318,59.59,59.842,60.092,60.345,60.608,60.885,61.174,61.47
Burkina Faso,BFA,50.489,50.893,51.384,51.956,52.602,53.31,54.063,54.841,55.618,56.377,57.096,57.761,58.374,58.937,59.45,59.919,60.354,60.768,61.174
Bangladesh,BGD,65.447,65.956,66.43,66.886,67.331,67.773,68.213,68.648,69.072,69.485,69.881,70.256,70.606,70.93,71.231,71.514,71.785,72.052,72.32
Bulgaria,BGR,71.66341463,71.76829268,71.86585366,72.06585366,72.56341463,72.56097561,72.61219512,72.66341463,72.96341463,73.41219512,73.51219512,74.16341463,74.31463415,74.86097561,74.46585366,74.61463415,74.81219512,74.81463415,74.96341463
Bahrain,BHR,74.44,74.635,74.822,74.999,75.167,75.326,75.478,75.625,75.77,75.913,76.057,76.2,76.342,76.484,76.624,76.762,76.899,77.032,77.163
"Bahamas, The",BHS,71.914,71.954,71.977,71.986,71.988,71.987,71.988,71.998,72.022,72.067,72.144,72.263,72.424,72.62,72.847,73.088,73.329,73.554,73.752
Bosnia and Herzegovina,BIH,74.403,74.637,74.803,74.941,75.068,75.198,75.342,75.498,75.665,75.844,76.031,76.219,76.401,76.569,76.723,76.865,76.998,77.128,77.262
Belarus,BLR,68.91219512,68.50731707,68.05609756,68.55365854,68.95609756,68.85121951,69.40487805,70.20731707,70.45609756,70.40731707,70.40487805,70.55365854,71.96585366,72.47073171,72.97073171,73.62439024,73.82682927,74.12926829,74.17560976
Belize,BLZ,68.847,69.04,69.272,69.511,69.749,69.998,70.286,70.636,71.059,71.541,72.057,72.57,73.044,73.452,73.782,74.034,74.219,74.365,74.496
Bermuda,BMU,77.88536585,77.88536585,78.08780488,78.33414634,78.48536585,78.68536585,78.88780488,78.93414634,79.23658537,79.38843902,79.28853659,81.15268293,81.67780488,80.57243902,80.79731707,81.01219512,81.22707317,81.44195122,81.65170732
Bolivia,BOL,62.452,63.054,63.64,64.21,64.766,65.312,65.853,66.395,66.937,67.476,68.007,68.521,69.01,69.468,69.891,70.277,70.626,70.945,71.239
Brazil,BRA,70.116,70.462,70.813,71.17,71.531,71.896,72.26,72.618,72.966,73.3,73.619,73.921,74.209,74.483,74.745,74.994,75.23,75.456,75.672
Barbados,BRB,77.162,77.362,77.534,77.682,77.808,77.915,78.009,78.097,78.184,78.272,78.364,78.456,78.547,78.633,78.717,78.801,78.888,78.981,79.081
Brunei Darussalam,BRN,72.809,73.076,73.332,73.575,73.801,74.006,74.189,74.351,74.494,74.623,74.74,74.852,74.962,75.075,75.193,75.318,75.45,75.585,75.722
Bhutan,BTN,60.884,61.808,62.728,63.624,64.483,65.289,66.031,66.709,67.325,67.882,68.384,68.84,69.263,69.662,70.046,70.419,70.781,71.129,71.46
Botswana,BWA,50.629,50.281,50.232,50.518,51.15,52.13,53.435,54.983,56.679,58.447,60.211,61.91,63.511,64.976,66.265,67.338,68.178,68.812,69.275
Central African Republic,CAF,44.19,44.061,44.063,44.182,44.413,44.744,45.158,45.636,46.161,46.719,47.312,47.95,48.638,49.371,50.129,50.881,51.593,52.24,52.805
Canada,CAN,79.13658537,79.33902439,79.4902439,79.74146341,79.89268293,80.19268293,80.34390244,80.54390244,80.69512195,80.99512195,81.24634146,81.44878049,81.64878049,81.74878049,81.8,81.9,81.9,81.94878049,81.94878049
Central Europe and the Baltics,CEB,72.71972472,73.09614819,73.24241549,73.38225278,73.737153,73.83830018,74.09260273,74.25064872,74.57595268,74.93036393,75.29396578,75.88847488,75.9934886,76.35516299,76.67562361,76.57187776,76.96981142,76.94746535,76.97684517
Switzerland,CHE,79.6804878,80.1804878,80.38536585,80.53658537,81.08780488,81.23658537,81.4902439,81.74146341,81.99268293,82.04390244,82.24634146,82.69512195,82.69756098,82.79756098,83.19756098,82.89756098,83.60243902,83.55121951,83.75365854
Channel Islands,CHI,79.037,79.3,79.548,79.795,80.045,80.298,80.553,80.802,81.041,81.268,81.483,81.688,81.883,82.071,82.252,82.429,82.6,82.766,82.928
Chile,CHL,76.366,76.634,76.894,77.146,77.391,77.63,77.865,78.099,78.33,78.558,78.779,78.986,79.176,79.349,79.504,79.646,79.779,79.909,80.042
China,CHN,71.397,71.732,72.061,72.381,72.689,72.985,73.271,73.553,73.835,74.119,74.409,74.708,75.013,75.321,75.629,75.928,76.21,76.47,76.704
Cote d'Ivoire,CIV,49.635,49.495,49.475,49.572,49.788,50.12,50.561,51.091,51.682,52.313,52.964,53.62,54.271,54.906,55.508,56.065,56.567,57.017,57.422
Cameroon,CMR,50.993,51.222,51.536,51.908,52.321,52.76,53.215,53.681,54.153,54.627,55.101,55.581,56.073,56.576,57.083,57.583,58.063,58.511,58.921
"Congo, Dem. Rep.",COD,50.041,50.667,51.385,52.144,52.917,53.675,54.401,55.091,55.743,56.35,56.909,57.427,57.914,58.381,58.828,59.254,59.655,60.026,60.368
"Congo, Rep.",COG,52.123,52.517,53.091,53.817,54.667,55.6,56.573,57.541,58.466,59.321,60.093,60.785,61.423,62.022,62.582,63.097,63.556,63.954,64.29
Colombia,COL,72.945,73.241,73.517,73.777,74.026,74.265,74.5,74.732,74.962,75.193,75.424,75.655,75.882,76.105,76.322,76.531,76.732,76.925,77.109
Comoros,COM,59.46,59.529,59.617,59.738,59.904,60.126,60.407,60.734,61.094,61.475,61.862,62.24,62.595,62.922,63.214,63.471,63.7,63.912,64.118
Cabo Verde,CPV,68.583,69.099,69.557,69.932,70.219,70.424,70.565,70.676,70.786,70.911,71.062,71.243,71.445,71.661,71.886,72.117,72.347,72.57,72.782
Costa Rica,CRI,77.452,77.601,77.74,77.871,77.996,78.117,78.239,78.362,78.491,78.626,78.769,78.919,79.074,79.234,79.398,79.565,79.738,79.914,80.095
Caribbean small states,CSS,71.4191882,71.53800326,71.71336366,71.79198842,71.92353803,72.05570986,72.18702553,72.31605629,72.4407916,72.56174665,72.67939638,72.79529893,72.91180287,73.03014399,73.15058319,73.27301798,73.39595782,73.51749107,73.63710891
Cuba,CUB,76.699,76.905,77.105,77.303,77.499,77.688,77.864,78.019,78.15,78.256,78.338,78.4,78.446,78.485,78.521,78.561,78.607,78.662,78.726
Curacao,CUW,,,,,,,74.7097561,75.36341463,75.3097561,76.15609756,,77.47317073,77.52439024,77.82682927,77.97560976,78.07560976,77.7195122,78.01707317,
Cayman Islands,CYM,,,,,,,,,,,82.1902439,,,,,,,,
Cyprus,CYP,78.009,78.139,78.264,78.385,78.506,78.63,78.764,78.91,79.071,79.245,79.43,79.621,79.812,79.999,80.178,80.35,80.513,80.672,80.828
Czech Republic,CZE,74.96829268,75.17317073,75.22195122,75.17073171,75.72195122,75.92439024,76.52439024,76.72439024,76.97560976,77.07804878,77.42439024,77.87317073,78.07560976,78.17560976,78.82439024,78.57804878,79.02682927,78.97804878,79.02926829
Germany,DEU,77.92682927,78.32926829,78.22926829,78.3804878,78.6804878,78.93170732,79.13170732,79.53414634,79.73658537,79.83658537,79.98780488,80.43658537,80.53902439,80.4902439,81.0902439,80.64146341,80.9902439,80.99268293,80.89268293
Djibouti,DJI,57.022,57.1,57.235,57.427,57.682,57.991,58.34,58.719,59.124,59.561,60.062,60.667,61.395,62.239,63.171,64.136,65.064,65.893,66.582
Dominica,DMA,,,76.59756098,,,,,,,,,,,,,,,,
Denmark,DNK,76.59268293,76.79268293,76.89512195,77.14390244,77.49268293,77.84390244,78.09512195,78.19512195,78.44634146,78.59756098,79.1,79.8,80.05121951,80.3,80.7,80.70243902,80.85365854,81.10243902,80.95365854
Dominican Republic,DOM,69.429,69.69,69.957,70.227,70.499,70.771,71.041,71.304,71.559,71.806,72.046,72.284,72.523,72.763,73.003,73.241,73.471,73.689,73.892
Algeria,DZA,70.64,71.116,71.605,72.101,72.594,73.072,73.521,73.936,74.311,74.644,74.938,75.199,75.436,75.661,75.878,76.09,76.298,76.499,76.693
East Asia & Pacific (excluding high income),EAP,70.13617334,70.44228545,70.74836525,71.05126647,71.34881742,71.64072954,71.9275697,72.2123464,72.49664019,72.78072414,73.06626441,73.35512026,73.64529744,73.93437703,74.22047205,74.49622762,74.75561418,74.9949516,75.21051211
Early-demographic dividend,EAR,64.40307733,64.73386601,65.06516674,65.40225889,65.74821735,66.10620887,66.48034458,66.86664713,67.2624996,67.66168984,68.05602105,68.43890644,68.80321101,69.14517109,69.46092456,69.74850615,70.01122339,70.25420448,70.48319068
East Asia & Pacific,EAS,71.17191891,71.48171721,71.77476483,72.06752842,72.36114459,72.62462075,72.9216443,73.20093378,73.46989557,73.75912511,74.0129969,74.26595012,74.56212675,74.84821439,75.12517029,75.39255688,75.63554087,75.86595391,76.06833643
Europe & Central Asia (excluding high income),ECA,67.34224196,67.49266696,67.59185029,67.71992839,68.05341036,68.18836886,68.83929422,69.36876198,69.69584793,70.3081155,70.64357926,71.22011728,71.59716759,72.01526993,72.27180784,72.59582795,72.94881946,73.41270948,73.59078153
Europe & Central Asia,ECS,73.03094508,73.29386513,73.40831459,73.52144491,73.95677587,74.12096022,74.61886399,74.97960061,75.242327,75.6431715,75.94068464,76.46477662,76.62455211,76.95209232,77.28593768,77.24096245,77.5932005,77.7854252,77.90860669
Ecuador,ECU,72.761,73.078,73.371,73.641,73.887,74.112,74.319,74.514,74.705,74.895,75.089,75.289,75.495,75.707,75.923,76.143,76.365,76.584,76.8
"Egypt, Arab Rep.",EGY,68.602,68.796,68.961,69.116,69.271,69.434,69.608,69.788,69.971,70.159,70.349,70.543,70.736,70.928,71.117,71.302,71.482,71.656,71.825
Euro area,EMU,78.27507038,78.59711254,78.68446788,78.7071795,79.27870163,79.426283,79.85613242,80.09988189,80.30291582,80.50518154,80.74678098,81.23282485,81.22715817,81.51232873,81.94298277,81.56922911,81.95454533,81.93221523,82.05961728
Eritrea,ERI,55.273,55.864,56.5,57.191,57.932,58.707,59.487,60.243,60.952,61.602,62.193,62.732,63.238,63.726,64.201,64.664,65.111,65.538,65.941
Spain,ESP,78.96585366,79.36829268,79.56829268,79.6195122,79.87073171,80.17073171,80.82195122,80.87317073,81.17560976,81.47560976,81.62682927,82.47560976,82.42682927,83.07804878,83.22926829,82.83170732,83.32926829,83.28292683,83.43170732
Estonia,EST,70.41707317,70.25853659,70.90487805,71.31707317,71.9097561,72.56829268,72.69146341,72.81463415,73.77073171,74.82439024,75.42926829,76.22926829,76.32682927,77.14146341,77.03414634,77.5902439,77.64146341,78.09268293,78.24390244
Ethiopia,ETH,51.941,52.595,53.349,54.211,55.174,56.223,57.334,58.467,59.581,60.645,61.627,62.505,63.281,63.961,64.547,65.048,65.482,65.872,66.24
European Union,EUU,77.0784478,77.42548337,77.53272154,77.59066198,78.11740337,78.27101125,78.66892327,78.90203603,79.12549887,79.35722834,79.62942606,80.13777288,80.15688815,80.46374093,80.87044758,80.56680714,80.94986464,80.93065884,81.03440922
Fragile and conflict affected situations,FCS,54.56919882,54.87019484,55.21347575,55.59312628,56.00184341,56.43193129,56.87528301,57.32230936,57.76347489,58.19258491,58.60681826,59.01079626,59.40927758,59.80233788,60.18420518,60.5480152,60.88862351,61.20474902,61.49999958
Finland,FIN,77.46585366,77.96585366,78.1195122,78.36829268,78.71463415,78.81707317,79.21463415,79.26341463,79.56829268,79.7195122,79.87073171,80.47073171,80.62682927,80.97560976,81.1804878,81.4804878,81.42926829,81.63170732,81.73414634
Fiji,FJI,65.687,65.863,66.022,66.152,66.247,66.313,66.362,66.413,66.477,66.559,66.655,66.759,66.859,66.95,67.03,67.103,67.175,67.252,67.341
France,FRA,79.05609756,79.15853659,79.26097561,79.11463415,80.16341463,80.16341463,80.81219512,81.11219512,81.21463415,81.41463415,81.66341463,82.11463415,81.96829268,82.2195122,82.7195122,82.32195122,82.57317073,82.57560976,82.72439024
Faroe Islands,FRO,78.43414634,78.63658537,78.78780488,78.9902439,79.1902439,79.44146341,79.6902439,79.8902439,80.13902439,80.38780488,80.58780488,80.83902439,81.0902439,81.34146341,81.59268293,81.79512195,82.04634146,82.29756098,82.54878049
"Micronesia, Fed. Sts.",FSM,64.55,64.71,64.888,65.08,65.282,65.489,65.697,65.901,66.099,66.29,66.471,66.646,66.817,66.986,67.152,67.315,67.471,67.618,67.755
Gabon,GAB,58.264,57.968,57.791,57.759,57.885,58.181,58.641,59.229,59.904,60.637,61.4,62.168,62.924,63.648,64.318,64.913,65.418,65.839,66.187
United Kingdom,GBR,77.74146341,77.99268293,78.14390244,78.44634146,78.74634146,79.04878049,79.24878049,79.44878049,79.6,80.05121951,80.40243902,80.95121951,80.90487805,81.00487805,81.30487805,80.95609756,81.15609756,81.25609756,81.25609756
Georgia,GEO,69.902,70.065,70.22,70.349,70.451,70.538,70.635,70.765,70.946,71.18,71.46,71.773,72.097,72.412,72.707,72.973,73.207,73.414,73.6
Ghana,GHA,57.002,57.158,57.425,57.785,58.225,58.719,59.234,59.741,60.216,60.645,61.03,61.381,61.72,62.064,62.416,62.772,63.124,63.463,63.78
Gibraltar,GIB,,,,,,,,,,,,,,,,,,,
Guinea,GIN,51.203,51.255,51.484,51.901,52.499,53.238,54.052,54.864,55.614,56.279,56.861,57.387,57.905,58.447,59.016,59.598,60.17,60.706,61.185
"Gambia, The",GMB,55.956,56.359,56.761,57.159,57.553,57.939,58.313,58.671,59.012,59.334,59.637,59.917,60.178,60.426,60.667,60.91,61.166,61.44,61.735
Guinea-Bissau,GNB,50.368,50.744,51.123,51.501,51.883,52.275,52.691,53.136,53.612,54.113,54.628,55.144,55.645,56.117,56.556,56.959,57.328,57.673,58.003
Equatorial Guinea,GNQ,53.279,53.581,53.84,54.064,54.263,54.449,54.638,54.842,55.07,55.329,55.622,55.945,56.288,56.642,57.001,57.359,57.713,58.061,58.402
Greece,GRC,77.88780488,78.38780488,78.64146341,78.84146341,79.03902439,79.23902439,79.43902439,79.43902439,79.93902439,80.18780488,80.38780488,80.73170732,80.63414634,81.28536585,81.38536585,81.03658537,81.38780488,81.28780488,81.78780488
Grenada,GRD,72.648,72.805,72.929,73.023,73.088,73.123,73.125,73.096,73.038,72.96,72.867,72.768,72.669,72.579,72.503,72.445,72.408,72.388,72.384
Greenland,GRL,66.96341463,67.60780488,68.16268293,68.43536585,68.80682927,69.22073171,69.51926829,69.98268293,70.21341463,70.46780488,70.85707317,71.06243902,71.29902439,71.8304878,71.53841463,71.24634146,70.84878049,,
Guatemala,GTM,67.849,68.304,68.717,69.092,69.437,69.762,70.082,70.409,70.75,71.108,71.481,71.861,72.236,72.596,72.935,73.25,73.541,73.81,74.063
Guam,GUM,75.011,75.373,75.726,76.065,76.387,76.687,76.966,77.227,77.474,77.71,77.941,78.173,78.408,78.649,78.895,79.144,79.391,79.631,79.859
Guyana,GUY,65.242,65.532,65.828,66.122,66.412,66.694,66.972,67.247,67.521,67.792,68.059,68.321,68.575,68.819,69.049,69.262,69.454,69.624,69.774
High income,HIC,77.4493443,77.74694795,77.88286739,78.01516496,78.42705932,78.53106858,78.84153528,79.08203247,79.22971739,79.5198982,79.70019394,79.95471756,80.07343349,80.26023268,80.51254524,80.39198686,80.5408514,80.58546545,80.65610468
"Hong Kong SAR, China",HKG,80.87804878,81.42439024,81.42682927,81.37804878,81.82926829,81.62926829,82.37560976,82.32682927,82.37560976,82.77560976,82.97804878,83.42195122,83.4804878,83.83170732,83.9804878,84.27804878,84.22682927,84.6804878,84.93414634
Honduras,HND,70.689,70.976,71.249,71.511,71.77,72.026,72.285,72.544,72.803,73.061,73.317,73.569,73.814,74.051,74.278,74.495,74.701,74.898,75.088
Heavily indebted poor countries (HIPC),HPC,52.26409976,52.74934193,53.29664718,53.90032277,54.55207803,55.24228478,55.96161739,56.69696419,57.43356852,58.15822335,58.85894741,59.52887102,60.16656463,60.770334,61.33431282,61.85295324,62.3232893,62.7486826,63.1350064
Croatia,HRV,72.80780488,74.51292683,74.71731707,74.61390244,75.5202439,75.24463415,75.83682927,75.70560976,75.91219512,76.16829268,76.47560976,76.77560976,76.92439024,77.12682927,77.47804878,77.27560976,78.02195122,77.82682927,78.07073171
Haiti,HTI,57.131,57.382,57.655,57.959,58.292,58.652,59.028,59.408,59.782,60.148,60.511,60.879,61.26,61.658,62.069,62.485,62.896,63.29,63.66
Hungary,HUN,71.24634146,72.24878049,72.34878049,72.3,72.64878049,72.64878049,73.09756098,73.15121951,73.70243902,73.90487805,74.20731707,74.85853659,75.06341463,75.56585366,75.76341463,75.56829268,76.06341463,75.81707317,76.06585366
IBRD only,IBD,68.05305033,68.34256366,68.62372489,68.9061485,69.2093111,69.49576527,69.83307146,70.16419771,70.48314341,70.83266623,71.16097061,71.51049711,71.82759648,72.14156474,72.42796325,72.69630874,72.95468414,73.20007942,73.40487673
IDA & IBRD total,IBT,65.49077247,65.772656,66.05643829,66.35092872,66.67026198,66.98414215,67.34309412,67.70062983,68.04919164,68.41909575,68.76762941,69.12754511,69.45816108,69.78179915,70.0791244,70.35625415,70.6186429,70.86401502,71.07173804
IDA total,IDA,56.01460332,56.38897907,56.80357146,57.26017542,57.75451052,58.27957947,58.82724374,59.3874698,59.94507383,60.48783239,61.00670312,61.49968172,61.96761613,62.41373162,62.83652616,63.23250648,63.59897511,63.93647608,64.24780047
IDA blend,IDB,55.1935387,55.3992178,55.67027362,55.99178971,56.37096183,56.79777222,57.26156373,57.74881486,58.24290384,58.73064701,59.20835402,59.66462766,60.09327035,60.50420209,60.89371327,61.25627918,61.58792571,61.88904078,62.16175014
Indonesia,IDN,65.772,66.037,66.321,66.631,66.969,67.334,67.717,68.105,68.485,68.853,69.205,69.542,69.866,70.179,70.481,70.768,71.035,71.282,71.509
IDA only,IDX,56.42640566,56.88507337,57.37109389,57.89443913,58.44565144,59.01938615,59.60886079,60.20586036,60.79592111,61.36721306,61.90857468,62.42199943,62.91116673,63.3765425,63.81759283,64.2316667,64.61661504,64.97303361,65.30409152
Isle of Man,IMN,,,77.96585366,,,,,,,,,,,,,,,,
India,IND,62.505,62.907,63.304,63.699,64.095,64.5,64.918,65.35,65.794,66.244,66.693,67.13,67.545,67.931,68.286,68.607,68.897,69.165,69.416
Not classified,INX,,,,,,,,,,,,,,,,,,,
Ireland,IRL,76.53658537,77.13414634,77.63414634,78.13902439,78.53902439,78.94390244,79.24146341,79.64146341,80.09512195,80.1902439,80.74390244,80.74634146,80.84634146,80.94878049,81.34878049,81.45365854,81.65365854,82.15609756,82.25609756
"Iran, Islamic Rep.",IRN,70.176,70.553,70.921,71.265,71.592,71.917,72.257,72.626,73.027,73.457,73.905,74.352,74.776,75.162,75.502,75.796,76.047,76.271,76.479
Iraq,IRQ,69.082,68.983,68.827,68.636,68.437,68.266,68.157,68.13,68.19,68.34,68.567,68.848,69.148,69.437,69.7,69.929,70.122,70.294,70.454
Iceland,ISL,79.65365854,80.6902439,80.50243902,80.96341463,80.99756098,81.50243902,81.15853659,81.45365854,81.6097561,81.75121951,81.89756098,82.35853659,82.91707317,82.06097561,82.86097561,82.46829268,82.20487805,82.66097561,82.86097561
Israel,ISR,78.95365854,79.40731707,79.45121951,79.64878049,80.14634146,80.15121951,80.55365854,80.50487805,80.95121951,81.40487805,81.60243902,81.65609756,81.70487805,82.05609756,82.15365854,82.05121951,82.40731707,82.55121951,82.80243902
Italy,ITA,79.77804878,80.12682927,80.22926829,79.98292683,80.7804878,80.78292683,81.28292683,81.43414634,81.48536585,81.63658537,82.03658537,82.18780488,82.23902439,82.6902439,83.0902439,82.54390244,83.24390244,82.94634146,83.34634146
Jamaica,JAM,74.142,74.139,74.14,74.142,74.146,74.148,74.143,74.129,74.103,74.071,74.038,74.012,74.001,74.01,74.042,74.098,74.175,74.267,74.368
Jordan,JOR,71.73,71.907,72.083,72.256,72.427,72.595,72.763,72.931,73.099,73.266,73.428,73.581,73.722,73.851,73.969,74.078,74.184,74.292,74.405
Japan,JPN,81.07609756,81.41707317,81.56341463,81.76,82.0302439,81.92512195,82.32195122,82.50707317,82.58756098,82.93146341,82.84268293,82.59121951,83.09609756,83.33195122,83.58780488,83.79390244,83.98487805,84.0997561,84.21097561
Kazakhstan,KAZ,65.51707317,65.76829268,65.96829268,65.86585366,65.88780488,65.9097561,66.16097561,66.50487805,67.02195122,68.42926829,68.29536585,68.98,69.61,70.45,71.62,72,72.3,72.95,73.15
Kenya,KEN,50.921,51.101,51.606,52.41,53.475,54.732,56.093,57.463,58.76,59.932,60.959,61.851,62.659,63.419,64.135,64.798,65.393,65.909,66.342
Kyrgyz Republic,KGZ,68.55853659,68.70731707,68.15609756,68.25609756,68.15365854,67.95609756,67.69512195,67.89512195,68.45121951,69.10243902,69.3,69.60243902,70.00243902,70.20243902,70.40243902,70.65121951,70.95121951,71.2,71.4
Cambodia,KHM,58.432,59.335,60.283,61.241,62.186,63.088,63.927,64.697,65.394,66.014,66.56,67.043,67.48,67.888,68.273,68.637,68.977,69.289,69.57
Kiribati,KIR,63.144,63.446,63.731,63.995,64.242,64.478,64.712,64.953,65.208,65.48,65.769,66.072,66.381,66.69,66.995,67.291,67.577,67.851,68.116
St. Kitts and Nevis,KNA,,,71.33658537,,,,,,,,,,,,,,,,
"Korea, Rep.",KOR,75.9097561,76.41219512,76.76585366,77.21463415,77.66585366,78.16829268,78.66829268,79.1195122,79.51707317,79.96829268,80.11707317,80.56829268,80.8195122,81.27073171,81.72195122,82.02439024,82.27560976,82.62682927,82.62682927
Kuwait,KWT,73.142,73.21,73.28,73.355,73.439,73.538,73.66,73.807,73.976,74.162,74.358,74.55,74.728,74.885,75.019,75.13,75.224,75.311,75.398
Latin America & Caribbean (excluding high income),LAC,71.46242438,71.77160713,72.06715252,72.34458233,72.60506949,72.84923085,73.07769611,73.29434307,73.5015908,73.70136612,73.89410703,74.08019305,74.25919284,74.43115382,74.59835143,74.76219857,74.92379308,75.0852307,75.24611405
Lao PDR,LAO,58.803,59.372,59.937,60.502,61.065,61.625,62.182,62.731,63.271,63.797,64.306,64.797,65.267,65.717,66.144,66.546,66.924,67.277,67.61
Lebanon,LBN,74.507,74.999,75.488,75.969,76.432,76.865,77.26,77.609,77.911,78.161,78.36,78.507,78.611,78.683,78.732,78.768,78.8,78.833,78.875
Liberia,LBR,51.734,52.236,52.826,53.554,54.422,55.393,56.4,57.365,58.229,58.971,59.6,60.146,60.663,61.186,61.723,62.269,62.802,63.295,63.73
Libya,LBY,70.852,71.038,71.244,71.466,71.693,71.902,72.063,72.155,72.174,72.129,72.044,71.956,71.901,71.907,71.981,72.121,72.311,72.52,72.724
St. Lucia,LCA,73.319,73.486,73.648,73.808,73.966,74.122,74.276,74.426,74.571,74.712,74.852,74.993,75.138,75.286,75.44,75.596,75.752,75.907,76.057
Latin America & Caribbean,LCN,71.6873951,71.99314574,72.28766534,72.56228345,72.81922915,73.06053879,73.28749989,73.50179767,73.70418481,73.90421782,74.09725133,74.28314403,74.46148638,74.63282643,74.79906533,74.96172214,75.12206813,75.28215863,75.44094775
Least developed countries: UN classification,LDC,55.47978615,55.9757327,56.50274816,57.06108266,57.64678154,58.25570478,58.8831051,59.52027856,60.15664527,60.78301467,61.3889337,61.96742512,62.51534548,63.03049635,63.50906065,63.94777696,64.34577144,64.70773022,65.03962412
Low income,LIC,53.5784738,54.11088368,54.69051061,55.3089936,55.95854872,56.62841861,57.30971968,57.99051096,58.65495217,59.28826996,59.88165072,60.43457362,60.95442997,61.44714431,61.91294602,62.3505613,62.75863671,63.13889301,63.49633875
Liechtenstein,LIE,76.82682927,79.27560976,79.63658537,79.96097561,81.77073171,80.66829268,80.94878049,81.29512195,82.68292683,81.5,81.84146341,81.79268293,82.38292683,82.26097561,82.07317073,82.65609756,82.25853659,83.74634146,83.04146341
Sri Lanka,LKA,71.333,72.233,73.085,73.799,74.337,74.695,74.904,75.037,75.157,75.286,75.439,75.614,75.796,75.974,76.147,76.316,76.482,76.648,76.812
Lower middle income,LMC,62.10354173,62.432247,62.77647472,63.12305984,63.48221619,63.85174527,64.24247363,64.64616779,65.05505419,65.48160752,65.90368899,66.30349478,66.6775633,67.03165977,67.35882831,67.65892218,67.93712086,68.19326853,68.42246909
Low & middle income,LMY,65.37500031,65.66001469,65.94979366,66.24924871,66.57082934,66.88761426,67.24852324,67.60836509,67.9592712,68.33005552,68.67923816,69.03785359,69.37286606,69.69725074,69.99525425,70.27720571,70.53904111,70.78784485,70.99881948
Lesotho,LSO,47.691,46.197,44.898,43.845,43.083,42.658,42.595,42.854,43.384,44.146,45.1,46.207,47.416,48.663,49.891,51.038,52.059,52.947,53.705
Late-demographic dividend,LTE,70.90396543,71.21191325,71.49981872,71.79404853,72.11802522,72.40189291,72.75656838,73.0829778,73.3772273,73.70337314,73.98225819,74.3195215,74.6098761,74.91679182,75.19948211,75.47121314,75.74557764,76.01415697,76.22444368
Lithuania,LTU,72.0195122,71.65853659,71.76097561,72.06097561,71.96097561,71.25365854,71.05609756,70.9,71.81219512,72.91463415,73.26829268,73.56341463,73.86341463,73.91463415,74.51707317,74.32195122,74.67073171,75.4804878,75.6804878
Luxembourg,LUX,77.87317073,77.82439024,77.96585366,77.72682927,79.12195122,79.43170732,79.28780488,79.38292683,80.53902439,80.63658537,80.63170732,80.98780488,81.39268293,81.8,82.22926829,82.29268293,82.68536585,82.09512195,82.29512195
Latvia,LVA,70.31463415,70.76097561,70.96097561,71.26585366,72.02682927,71.35609756,70.86585366,71.0195122,72.4195122,73.0804878,73.48292683,73.57560976,73.77804878,73.98292683,74.12439024,74.4804878,74.5804878,74.62926829,74.78292683
"Macao SAR, China",MAC,80.407,80.645,80.87,81.089,81.304,81.523,81.748,81.981,82.22,82.462,82.704,82.938,83.158,83.361,83.543,83.707,83.854,83.989,84.118
St. Martin (French part),MAF,76.97073171,77.17073171,77.37073171,77.57073171,77.72195122,77.87073171,78.07073171,78.22195122,78.37073171,78.57073171,78.72195122,78.87073171,79.02195122,79.17073171,79.32195122,79.47073171,79.62195122,79.72195122,79.87073171
Morocco,MAR,68.684,69.193,69.769,70.399,71.067,71.746,72.403,73.009,73.546,74.003,74.382,74.696,74.97,75.227,75.477,75.726,75.974,76.218,76.453
Monaco,MCO,,,,,,,,,,,,,,,,,,,
Moldova,MDA,67.006,67.185,67.362,67.521,67.665,67.82,68.022,68.302,68.671,69.119,69.616,70.119,70.581,70.968,71.267,71.478,71.617,71.717,71.808
Madagascar,MDG,58.485,59.129,59.717,60.256,60.752,61.212,61.65,62.079,62.509,62.944,63.388,63.836,64.28,64.713,65.133,65.539,65.931,66.311,66.681
Maldives,MDV,70.173,70.964,71.708,72.399,73.034,73.612,74.138,74.621,75.073,75.499,75.905,76.293,76.664,77.018,77.36,77.691,78.013,78.325,78.627
Middle East & North Africa,MEA,69.88725649,70.18605938,70.47001711,70.75154428,71.03757045,71.3100307,71.58493975,71.84130305,72.09133382,72.32599411,72.53918335,72.73749387,72.93165619,73.13237931,73.32641704,73.51484485,73.71082026,73.89990828,74.08890926
Mexico,MEX,74.34,74.658,74.922,75.118,75.243,75.3,75.296,75.255,75.194,75.128,75.065,75.011,74.966,74.93,74.908,74.904,74.917,74.947,74.992
Marshall Islands,MHL,65.23902439,,,,,,,,,,,,,,,,,,
Middle income,MIC,66.40287346,66.68122239,66.96075422,67.24723613,67.55456299,67.8540505,68.20008047,68.54430742,68.87934104,69.23816145,69.57613454,69.92754918,70.25552211,70.57397689,70.86584317,71.14292744,71.40086418,71.64737505,71.85462578
North Macedonia,MKD,73.267,73.47,73.642,73.781,73.892,73.986,74.08,74.19,74.324,74.484,74.662,74.846,75.019,75.171,75.299,75.406,75.498,75.589,75.688
Mali,MLI,48.069,48.758,49.54,50.373,51.224,52.057,52.839,53.553,54.193,54.756,55.251,55.701,56.135,56.578,57.036,57.509,57.987,58.452,58.893
Malta,MLT,78.34878049,78.84390244,78.73902439,78.54634146,79.25365854,79.3,79.43902439,79.79268293,79.63658537,80.24146341,81.39756098,80.74634146,80.74634146,81.74634146,82.04634146,81.89756098,82.45365854,82.34634146,82.44878049
Myanmar,MMR,60.063,60.377,60.685,60.989,61.294,61.607,61.938,62.294,62.678,63.089,63.525,63.983,64.453,64.921,65.378,65.81,66.205,66.558,66.867
Middle East & North Africa (excluding high income),MNA,69.35469385,69.65395824,69.94988268,70.24135933,70.52965815,70.81301805,71.08730651,71.34764383,71.58861587,71.80985937,72.01470088,72.21086861,72.40502044,72.60230904,72.80115246,73.00029612,73.1982111,73.39427025,73.58735821
Montenegro,MNE,73.228,73.233,73.285,73.37,73.486,73.642,73.85,74.115,74.43,74.784,75.151,75.505,75.823,76.089,76.297,76.452,76.568,76.667,76.77
Mongolia,MNG,62.869,63.319,63.777,64.23,64.671,65.103,65.538,65.985,66.447,66.916,67.38,67.818,68.217,68.566,68.863,69.111,69.321,69.509,69.689
Northern Mariana Islands,MNP,,,,,,,,,,,,,,,,,,,
Mozambique,MOZ,48.946,49.295,49.61,49.889,50.143,50.387,50.641,50.934,51.292,51.738,52.31,53.043,53.931,54.949,56.062,57.206,58.309,59.309,60.163
Mauritania,MRT,60.706,60.788,60.892,61.018,61.17,61.349,61.552,61.776,62.015,62.266,62.527,62.799,63.079,63.366,63.654,63.936,64.208,64.464,64.704
Mauritius,MUS,71.66341463,71.76585366,71.96585366,72.12130081,72.27674797,72.43219512,72.43219512,72.57073171,72.57073171,72.88243902,72.96731707,73.26682927,73.86341463,74.01707317,74.19439024,74.35317073,74.39487805,74.51463415,74.41634146
Malawi,MWI,45.09,45.204,45.517,46.052,46.823,47.844,49.118,50.595,52.206,53.888,55.564,57.161,58.629,59.931,61.042,61.953,62.681,63.279,63.798
Malaysia,MYS,72.594,72.782,72.976,73.17,73.364,73.555,73.744,73.931,74.118,74.305,74.493,74.683,74.877,75.072,75.268,75.461,75.649,75.828,75.997
North America,NAC,76.88199634,77.08241004,77.18781814,77.30281077,77.72448798,77.75408225,77.94939267,78.23954847,78.3009808,78.64772827,78.8094598,78.92058037,79.03151682,79.04226674,79.13815444,79.0122081,78.87745779,78.88413429,78.88689055
Namibia,NAM,52.192,51.399,50.862,50.589,50.6,50.931,51.609,52.593,53.817,55.207,56.665,58.085,59.387,60.513,61.425,62.119,62.625,63.021,63.373
New Caledonia,NCL,75.16341463,74.83170732,75.10243902,75.27073171,75.47073171,75.72195122,76.07560976,76.47804878,76.6804878,76.9804878,77.25912213,76.64683538,77.06907036,77.17621087,77.2528726,77.24430351,76.96150074,77.14878049,77.14878049
Niger,NER,49.928,50.584,51.256,51.95,52.668,53.411,54.18,54.968,55.764,56.557,57.333,58.081,58.79,59.455,60.07,60.631,61.137,61.599,62.024
Nigeria,NGA,46.267,46.51,46.835,47.242,47.72,48.252,48.812,49.373,49.913,50.422,50.896,51.346,51.786,52.228,52.672,53.112,53.541,53.95,54.332
Nicaragua,NIC,69.527,69.934,70.308,70.64,70.933,71.195,71.436,71.673,71.915,72.167,72.428,72.692,72.951,73.197,73.429,73.649,73.86,74.068,74.275
Netherlands,NLD,77.98780488,78.1902439,78.29268293,78.49268293,79.09512195,79.34634146,79.69756098,80.09756098,80.25121951,80.54878049,80.70243902,81.20487805,81.10487805,81.30487805,81.70731707,81.5097561,81.56097561,81.76097561,81.81219512
Norway,NOR,78.63414634,78.78536585,78.98780488,79.3902439,79.84146341,80.04146341,80.34390244,80.39512195,80.59268293,80.79512195,80.99756098,81.29512195,81.45121951,81.75121951,82.1,82.30487805,82.40731707,82.6097561,82.75853659
Nepal,NPL,62.288,62.945,63.57,64.165,64.729,65.264,65.773,66.26,66.727,67.178,67.611,68.028,68.426,68.806,69.168,69.515,69.848,70.169,70.478
Nauru,NRU,,,,,,,,,,,,,,,,,,,
New Zealand,NZL,78.63658537,78.69268293,78.84634146,79.14634146,79.54878049,79.85121951,80.04878049,80.15121951,80.35121951,80.70243902,80.70243902,80.90487805,81.15609756,81.40731707,81.40487805,81.45682927,81.61243902,81.65853659,81.85853659
OECD members,OED,76.92551793,77.23337436,77.39572717,77.54793848,77.94352498,78.06296059,78.34926362,78.57246868,78.72073231,78.97817284,79.1502403,79.38154856,79.49859341,79.66353826,79.91377472,79.81224687,79.9612389,80.00631457,80.07752959
Oman,OMN,72.126,72.58,73.022,73.447,73.851,74.23,74.577,74.893,75.179,75.44,75.682,75.916,76.149,76.388,76.634,76.887,77.142,77.393,77.633
Other small states,OSS,60.24526676,60.10870507,60.09955999,60.21007671,60.48702465,60.90024137,61.4085893,62.04902917,62.77963883,63.56156631,64.30884935,65.02064195,65.71946022,66.33313879,66.89118507,67.40523612,67.8356294,68.22875917,68.5469317
Pakistan,PAK,62.82,63.066,63.3,63.522,63.736,63.951,64.176,64.42,64.685,64.969,65.264,65.562,65.849,66.117,66.36,66.577,66.77,66.947,67.114
Panama,PAN,75.06,75.233,75.401,75.565,75.728,75.892,76.06,76.234,76.414,76.6,76.792,76.989,77.188,77.386,77.583,77.776,77.964,78.149,78.329
Peru,PER,71.111,71.505,71.882,72.24,72.581,72.908,73.222,73.528,73.826,74.12,74.41,74.697,74.981,75.258,75.529,75.792,76.044,76.286,76.516
Philippines,PHL,68.793,68.835,68.88,68.937,69.013,69.112,69.233,69.37,69.515,69.667,69.823,69.984,70.149,70.315,70.481,70.644,70.802,70.952,71.095
Palau,PLW,70.49365854,,,,,69.12926829,,,,,,,,,,,,,
Papua New Guinea,PNG,59.265,59.487,59.722,59.974,60.245,60.534,60.836,61.141,61.442,61.739,62.029,62.316,62.604,62.892,63.181,63.466,63.744,64.01,64.263
Poland,POL,73.74878049,74.2,74.49756098,74.59756098,74.84634146,74.99512195,75.14390244,75.24390244,75.54390244,75.69512195,76.24634146,76.69512195,76.74634146,77,77.60243902,77.45121951,77.85121951,77.75365854,77.60243902
Pre-demographic dividend,PRE,50.67377581,51.05894121,51.52350696,52.05507504,52.6414836,53.26990237,53.92744081,54.60056864,55.27598427,55.94318769,56.59345621,57.2241555,57.83555535,58.42601741,58.98777897,59.51195893,59.99193712,60.42746691,60.8209563
Puerto Rico,PRI,76.68926829,77.06682927,77.7604878,78.07121951,78.17585366,78.29609756,78.41634146,78.42585366,77.96292683,78.191,78.41909756,78.64065854,78.84758537,79.03434146,79.20246341,79.3534878,79.49497561,79.63453659,79.77819512
"Korea, Dem. People’s Rep.",PRK,65.268,66.087,66.925,67.615,68.102,68.389,68.54,68.675,68.884,69.185,69.571,70.012,70.454,70.853,71.198,71.481,71.711,71.91,72.095
Portugal,PRT,76.31463415,76.81463415,77.06585366,77.2195122,77.67073171,78.07073171,78.4195122,78.32195122,78.52439024,78.72682927,79.02682927,80.47073171,80.37317073,80.72195122,81.12195122,81.12439024,81.12439024,81.42439024,81.32439024
Paraguay,PRY,70.546,70.786,71.023,71.249,71.464,71.667,71.862,72.055,72.251,72.45,72.653,72.86,73.068,73.274,73.473,73.662,73.836,73.992,74.131
West Bank and Gaza,PSE,71.022,71.239,71.447,71.648,71.842,72.028,72.203,72.366,72.517,72.656,72.788,72.915,73.041,73.17,73.303,73.442,73.589,73.74,73.895
Pacific island small states,PSS,66.55718548,66.79805225,67.03312099,67.25016817,67.44565789,67.63693066,67.78612546,67.94836464,68.11678919,68.29562369,68.48525042,68.68299373,68.88198265,69.07737697,69.26553193,69.44445877,69.61374193,69.77428378,69.92905797
Post-demographic dividend,PST,77.35564393,77.64789131,77.78723903,77.91472674,78.34048536,78.43332157,78.75815184,79.01182065,79.15435061,79.47737459,79.68608751,79.95288238,80.08668975,80.26801425,80.5272113,80.39498001,80.54922115,80.59844147,80.659892
French Polynesia,PYF,72.303,72.658,73.017,73.382,73.751,74.116,74.466,74.793,75.092,75.363,75.611,75.844,76.074,76.307,76.546,76.787,77.024,77.251,77.462
Qatar,QAT,77.467,77.612,77.762,77.919,78.083,78.252,78.425,78.601,78.775,78.945,79.108,79.26,79.399,79.527,79.646,79.758,79.868,79.981,80.1
Romania,ROU,71.16341463,71.16097561,71.0097561,71.3097561,71.59427561,71.87889512,72.16341463,72.56585366,72.56585366,73.3097561,73.45853659,74.4097561,74.41219512,75.06341463,74.9097561,74.91219512,75.2097561,75.3097561,75.35853659
Russian Federation,RUS,65.48365854,65.38341463,65.12878049,65.04780488,65.47097561,65.5297561,66.72756098,67.58682927,67.94926829,68.68463415,68.84121951,69.68390244,70.07219512,70.57878049,70.74365854,71.18341463,71.65121951,72.43195122,72.65731707
Rwanda,RWA,48.649,49.936,50.987,52.178,53.595,55.254,57.083,58.915,60.612,62.129,63.433,64.523,65.438,66.219,66.884,67.45,67.93,68.341,68.7
South Asia,SAS,62.82398278,63.22899214,63.62377115,64.01139648,64.39518787,64.78317085,65.17993291,65.58771357,66.00524982,66.4278567,66.84876853,67.25831784,67.64633996,68.00771902,68.34020626,68.64190068,68.91615144,69.1713119,69.41224765
Saudi Arabia,SAU,72.561,72.759,72.92,73.051,73.159,73.256,73.355,73.467,73.598,73.75,73.917,74.089,74.254,74.402,74.533,74.651,74.761,74.874,74.998
Sudan,SDN,58.472,58.859,59.258,59.67,60.092,60.525,60.969,61.422,61.879,62.33,62.764,63.171,63.542,63.875,64.169,64.429,64.663,64.881,65.095
Senegal,SEN,57.787,58.177,58.675,59.259,59.912,60.62,61.365,62.126,62.88,63.607,64.284,64.898,65.448,65.939,66.37,66.747,67.078,67.38,67.665
Singapore,SGP,77.95121951,78.25121951,78.55121951,79.03902439,79.4902439,79.9902439,80.14146341,80.44146341,80.7902439,81.24146341,81.54146341,81.74390244,81.99512195,82.24634146,82.49512195,82.74390244,82.84634146,83.09512195,83.14634146
Solomon Islands,SLB,67.442,67.816,68.175,68.518,68.845,69.158,69.462,69.762,70.063,70.366,70.674,70.985,71.296,71.601,71.896,72.173,72.424,72.645,72.835
Sierra Leone,SLE,39.441,40.369,41.376,42.419,43.467,44.502,45.517,46.52,47.508,48.468,49.382,50.234,51.018,51.731,52.372,52.941,53.444,53.895,54.309
El Salvador,SLV,68.875,69.162,69.432,69.68,69.908,70.124,70.333,70.542,70.756,70.978,71.21,71.449,71.692,71.935,72.175,72.412,72.644,72.872,73.096
San Marino,SMR,,,,,,,,,,,,,85.41707317,,,,,,
Somalia,SOM,50.869,51.213,51.492,51.762,52.043,52.346,52.669,52.998,53.326,53.654,53.99,54.342,54.713,55.104,55.509,55.92,56.324,56.709,57.068
Serbia,SRB,71.58292683,72.23414634,72.28536585,72.43658537,72.68292683,72.83414634,73.38536585,73.63170732,73.88536585,73.98536585,74.33658537,74.53658537,74.83658537,75.18536585,75.33658537,75.28780488,75.68780488,75.53902439,75.8902439
Sub-Saharan Africa (excluding high income),SSA,50.40957179,50.71046203,51.10994253,51.60530919,52.18931555,52.85263536,53.58234929,54.35524423,55.14621042,55.93434766,56.70036012,57.43229897,58.12649017,58.77968518,59.38422168,59.93319295,60.42383847,60.86233564,61.25653313
South Sudan,SSD,49.166,49.592,50.05,50.55,51.095,51.686,52.315,52.96,53.6,54.219,54.8,55.325,55.791,56.2,56.552,56.855,57.12,57.365,57.604
Sub-Saharan Africa,SSF,50.45021401,50.75002364,51.14816442,51.64213124,52.22479026,52.88642804,53.61420946,54.38543259,55.17445642,55.96111812,56.72547004,57.45600255,58.14957954,58.80138989,59.40479994,59.95283055,60.44238734,60.88000237,61.27301465
Small states,SST,63.11104266,63.02644779,63.08599455,63.14215304,63.35842206,63.6720065,64.04406828,64.51490209,65.05404838,65.63703142,66.20120186,66.74566761,67.28394964,67.76505843,68.20537819,68.61401034,68.96046242,69.27907501,69.54113246
Sao Tome and Principe,STP,61.365,62.017,62.687,63.359,64.02,64.659,65.27,65.854,66.412,66.938,67.43,67.885,68.306,68.695,69.052,69.377,69.67,69.933,70.17
Suriname,SUR,67.822,67.913,68.064,68.28,68.555,68.877,69.227,69.579,69.91,70.209,70.465,70.676,70.851,71.002,71.133,71.249,71.358,71.463,71.57
Slovak Republic,SVK,73.05121951,73.40243902,73.60487805,73.60487805,73.95853659,73.90487805,74.20487805,74.20731707,74.70487805,74.9097561,75.11219512,75.95853659,76.1097561,76.41219512,76.81219512,76.56341463,77.16585366,77.16585366,77.26585366
Slovenia,SVN,75.41219512,75.75853659,76.00731707,76.85853659,77.20731707,77.61219512,78.08658537,78.56097561,78.76585366,78.97073171,79.42195122,79.97073171,80.12439024,80.32195122,81.07804878,80.77560976,81.17560976,81.02926829,81.37804878
Sweden,SWE,79.64390244,79.79512195,79.84634146,80.09512195,80.49756098,80.54634146,80.74878049,80.9,81.1,81.35121951,81.45121951,81.80243902,81.70487805,81.95609756,82.25365854,82.20487805,82.30731707,82.4097561,82.55853659
Eswatini,SWZ,47.49,45.799,44.41,43.372,42.731,42.518,42.733,43.308,44.17,45.275,46.601,48.141,49.862,51.699,53.569,55.359,56.962,58.319,59.401
Sint Maarten (Dutch part),SXM,,,,,,,,74.54390244,74.53658537,75.58780488,,,73.05365854,,77.06829268,77.2195122,78.29268293,,
Seychelles,SYC,72.77804878,73.25365854,71.08780488,71.02926829,72.66097561,72.13170732,72.21707317,73.14390244,73.16341463,73.08292683,73.19756098,72.72439024,74.27560976,73.1195122,73.22926829,74.29512195,74.3097561,74.3,72.84146341
Syrian Arab Republic,SYR,73.11,73.371,73.663,73.967,74.25,74.43,74.412,74.152,73.647,72.938,72.108,71.27,70.55,70.049,69.821,69.908,70.315,70.967,71.779
Turks and Caicos Islands,TCA,,,,,,,,,,,,,,,,,,,
Chad,TCD,47.713,47.789,47.9,48.057,48.27,48.549,48.907,49.335,49.82,50.346,50.89,51.424,51.928,52.386,52.789,53.137,53.438,53.712,53.977
East Asia & Pacific (IDA & IBRD countries),TEA,70.19841525,70.49794359,70.79723056,71.09519777,71.39032581,71.68224165,71.97078285,72.25738628,72.54253418,72.82629568,73.1104644,73.39730747,73.685484,73.97309786,74.25837024,74.53395213,74.79361457,75.0333589,75.24922911
Europe & Central Asia (IDA & IBRD countries),TEC,68.16028141,68.34066295,68.44283162,68.57279788,68.9000689,69.03747919,69.62345931,70.09880742,70.40269058,70.973768,71.31382423,71.88980316,72.21571764,72.62391044,72.88807996,73.14858138,73.50271794,73.89459647,74.0376029
Togo,TGO,53.491,53.554,53.71,53.938,54.234,54.602,55.052,55.581,56.178,56.818,57.468,58.092,58.661,59.16,59.58,59.927,60.22,60.489,60.76
Thailand,THA,70.623,70.832,71.089,71.389,71.728,72.099,72.499,72.916,73.341,73.766,74.184,74.593,74.992,75.378,75.747,76.091,76.403,76.683,76.931
Tajikistan,TJK,61.974,62.807,63.653,64.496,65.314,66.08,66.771,67.382,67.911,68.36,68.736,69.055,69.34,69.609,69.874,70.137,70.397,70.647,70.879
Turkmenistan,TKM,63.613,63.842,64.101,64.386,64.693,65.017,65.354,65.695,66.031,66.355,66.657,66.928,67.167,67.375,67.552,67.704,67.835,67.956,68.073
Latin America & the Caribbean (IDA & IBRD countries),TLA,71.53435682,71.84355665,72.13921072,72.41716325,72.67840855,72.92378551,73.15408619,73.37328134,73.58362594,73.78690003,73.98334575,74.17297121,74.35526297,74.53023947,74.70017455,74.86655926,75.03058054,75.19433958,75.3574155
Timor-Leste,TLS,59.002,59.945,60.901,61.888,62.893,63.882,64.803,65.61,66.276,66.796,67.186,67.477,67.72,67.953,68.197,68.459,68.735,69.007,69.26
Middle East & North Africa (IDA & IBRD countries),TMN,69.33706406,69.6370637,69.93379473,70.22611866,70.51532117,70.79963467,71.07491529,71.33624081,71.57811531,71.80020163,72.00580146,72.20270536,72.3975981,72.59564383,72.79522708,72.99505261,73.19354707,73.39013107,73.58364281
Tonga,TON,69.667,69.725,69.771,69.803,69.822,69.836,69.852,69.878,69.921,69.982,70.059,70.148,70.242,70.335,70.427,70.517,70.607,70.701,70.801
South Asia (IDA & IBRD),TSA,62.82398278,63.22899214,63.62377115,64.01139648,64.39518787,64.78317085,65.17993291,65.58771357,66.00524982,66.4278567,66.84876853,67.25831784,67.64633996,68.00771902,68.34020626,68.64190068,68.91615144,69.1713119,69.41224765
Sub-Saharan Africa (IDA & IBRD countries),TSS,50.45021401,50.75002364,51.14816442,51.64213124,52.22479026,52.88642804,53.61420946,54.38543259,55.17445642,55.96111812,56.72547004,57.45600255,58.14957954,58.80138989,59.40479994,59.95283055,60.44238734,60.88000237,61.27301465
Trinidad and Tobago,TTO,69.413,69.65,69.903,70.164,70.428,70.691,70.952,71.21,71.464,71.71,71.946,72.17,72.382,72.582,72.768,72.941,73.1,73.245,73.38
Tunisia,TUN,73.172,73.415,73.638,73.842,74.034,74.217,74.391,74.558,74.72,74.88,75.041,75.206,75.376,75.552,75.734,75.922,76.115,76.31,76.505
Turkey,TUR,70.005,70.56,71.078,71.559,72.004,72.424,72.83,73.235,73.649,74.074,74.507,74.944,75.373,75.784,76.172,76.532,76.86,77.161,77.437
Tuvalu,TUV,,,,,,,,,,,,,,,,,,,
Tanzania,TZA,50.801,51.444,52.142,52.866,53.602,54.349,55.119,55.926,56.777,57.666,58.584,59.525,60.47,61.398,62.288,63.111,63.844,64.479,65.015
Uganda,UGA,46.229,47.22,48.299,49.421,50.554,51.676,52.784,53.887,54.984,56.06,57.099,58.087,59.017,59.881,60.669,61.373,61.986,62.516,62.973
Ukraine,UKR,67.67560976,67.83707317,68.27560976,68.21073171,68.18536585,67.95682927,68.07756098,68.22219512,68.25146341,69.19,70.26536585,70.80926829,70.94414634,71.1595122,71.18658537,71.1895122,71.47634146,71.78097561,71.58268293
Upper middle income,UMC,70.17794094,70.44491621,70.69982295,70.9653023,71.25821301,71.5256296,71.86231382,72.18300507,72.47949345,72.80357718,73.09028908,73.42230563,73.73062457,74.03846749,74.31918673,74.59724393,74.85838599,75.1185011,75.32898498
Uruguay,URY,74.731,74.939,75.152,75.373,75.599,75.826,76.046,76.251,76.437,76.603,76.75,76.882,77.004,77.124,77.244,77.369,77.498,77.632,77.77
United States,USA,76.63658537,76.83658537,76.93658537,77.03658537,77.48780488,77.48780488,77.68780488,77.98780488,78.03902439,78.3902439,78.54146341,78.64146341,78.74146341,78.74146341,78.84146341,78.6902439,78.53902439,78.53902439,78.53902439
Uzbekistan,UZB,67.156,67.374,67.613,67.868,68.135,68.407,68.676,68.939,69.193,69.435,69.672,69.91,70.155,70.41,70.671,70.928,71.171,71.388,71.573
St. Vincent and the Grenadines,VCT,70.809,70.882,70.977,71.087,71.208,71.331,71.449,71.554,71.643,71.716,71.776,71.827,71.879,71.939,72.01,72.095,72.193,72.3,72.415
"Venezuela, RB",VEN,72.112,72.294,72.466,72.618,72.746,72.852,72.938,73.01,73.071,73.116,73.134,73.11,73.037,72.918,72.762,72.584,72.405,72.246,72.128
British Virgin Islands,VGB,,,,,,,,,,,,,,,,,,,
Virgin Islands (U.S.),VIR,76.6195122,77.67317073,77.62195122,77.57317073,77.87317073,77.42195122,78.47560976,76.86097561,77.26341463,77.61463415,77.96585366,78.41707317,78.66829268,78.86829268,78.96829268,79.16829268,79.26829268,79.4195122,79.56829268
Vietnam,VNM,73.025,73.228,73.438,73.654,73.875,74.092,74.295,74.474,74.625,74.745,74.837,74.904,74.958,75.006,75.056,75.11,75.172,75.241,75.317
Vanuatu,VUT,67.363,67.583,67.793,67.99,68.176,68.35,68.515,68.672,68.824,68.974,69.123,69.272,69.421,69.57,69.719,69.869,70.021,70.172,70.323
World,WLD,67.54924939,67.82179747,68.07041896,68.32698055,68.65233174,68.92030401,69.26240242,69.59205085,69.89926979,70.24653852,70.55615964,70.88406814,71.17164937,71.46215212,71.74227817,71.94740292,72.18076062,72.38558062,72.56328189
Samoa,WSM,68.748,69.103,69.451,69.781,70.089,70.374,70.642,70.901,71.158,71.412,71.663,71.906,72.136,72.351,72.549,72.73,72.895,73.046,73.187
Kosovo,XKX,67.95121951,67.99756098,67.94390244,68.19512195,68.44634146,68.69512195,68.94634146,69.19756098,69.39756098,69.64878049,69.9,70.14878049,70.49756098,70.79756098,71.09756098,71.34634146,71.64634146,71.94634146,72.19512195
"Yemen, Rep.",YEM,60.683,61.216,61.781,62.358,62.931,63.481,63.997,64.47,64.892,65.255,65.549,65.768,65.92,66.016,66.066,66.085,66.087,66.086,66.096
South Africa,ZAF,56.048,55.089,54.31,53.749,53.444,53.447,53.795,54.452,55.36,56.46,57.669,58.895,60.06,61.099,61.968,62.649,63.153,63.538,63.857
Zambia,ZMB,44,44.615,45.4,46.322,47.354,48.496,49.757,51.134,52.606,54.13,55.655,57.126,58.502,59.746,60.831,61.737,62.464,63.043,63.51
Zimbabwe,ZWE,44.649,44.01,43.523,43.195,43.065,43.241,43.853,44.947,46.504,48.449,50.64,52.896,55.032,56.897,58.41,59.534,60.294,60.812,61.195
