Year,Country of origin,Country of origin (ISO),Female 0 - 4,Female 5 - 11,Female 12 - 17,Female 18 - 59,Female 60,Female total,Male 0 - 4,Male 5 - 11,Male 12 - 17,Male 18 - 59,Male 60,Male total,Total
2011,Afghanistan,AFG,203989,20,141,661973,39839,1520434,214818,10,188,690934,68179,1634982,4064481
2011,Antigua and Barbuda,ATG,0,0,0,6,0,6,0,0,0,6,0,6,32
2011,Azerbaijan,AZE,27558,5,5,172575,35036,310900,27976,5,0,164055,34770,299230,615364
2011,Burundi,BDI,17317,0,40,54232,4126,169244,17495,0,44,53300,4114,162975,342577
2011,Burkina Faso,BFA,5,0,0,55,0,115,5,0,0,140,0,216,1262
2011,Chad,TCD,1271,0,30,3613,436,20444,1228,0,42,3640,324,20767,166613
2011,Cameroon,CMR,269,10,0,1096,68,2373,211,5,11,983,36,2397,15146
2011,Colombia,COL,1234,0,46,26584,1891,2119641,1336,20,30,30534,2453,2056180,4284259
2011,Djibouti,DJI,11,5,10,54,0,191,13,0,5,48,0,181,594
2011,Ethiopia,ETH,2023,5,48,11699,323,20027,2077,14,40,14219,396,23023,70582
2011,Guatemala,GTM,5,5,11,181,11,256,10,5,6,245,20,348,6087
2011,Guinea,GIN,44,17,12,254,0,3161,35,10,10,457,11,3006,13158
2011,Honduras,HND,13,5,11,113,0,166,0,0,11,145,0,186,1967
2011,Libya,LBY,80,5,0,399,87,802,79,0,6,708,156,1259,97939
2011,Mali,MLI,6,0,0,20,0,2294,0,0,10,35,5,887,4284
2011,Mozambique,MOZ,0,5,5,15,0,37,0,0,5,80,0,92,147
2011,Niger,NER,5,0,0,47,0,112,5,0,10,146,0,228,805
2011,Nigeria,NGA,247,0,5,2120,83,3930,253,0,5,2868,95,4678,17134
2011,Rwanda,RWA,7007,10,53,17410,817,46792,7678,0,35,18042,983,53339,106828
2011,El Salvador,SLV,12,0,5,386,39,498,10,0,10,475,82,650,6725
2011,Somalia,SOM,228619,10,41,490910,34236,1151377,220099,0,58,502104,32945,1179685,2433905
2011,Sudan,SDN,39819,23,32,99174,8432,1450786,41584,10,33,73610,6051,1428964,2922522
2011,Uganda,UGA,59,5,32,344,5,705,67,0,19,451,25,868,35432
2011,Ukraine,UKR,46,0,5,6349,2768,10692,50,0,5,6465,2260,10301,25371
2011,Zimbabwe,ZWE,59,5,10,465,23,723,72,0,5,623,16,857,79348
2012,Afghanistan,AFG,151257,360298,249251,662702,41842,1467241,158290,376188,282380,730286,71348,1625055,3952884
2012,Antigua and Barbuda,ATG,0,0,0,5,0,5,0,0,0,7,0,7,45
2012,Azerbaijan,AZE,36,223,323,2808,936,5804,55,267,321,2810,607,5419,615867
2012,Burundi,BDI,19925,34012,25892,66110,5493,151813,19616,33496,25403,67343,7035,153328,314844
2012,Burkina Faso,BFA,5,5,5,56,0,142,0,11,8,125,5,217,1458
2012,Chad,TCD,1089,1394,898,2930,356,18948,1056,1285,931,2834,285,19213,129664
2012,Cameroon,CMR,56,235,124,717,43,1597,63,208,117,835,26,2000,13357
2012,Colombia,COL,995,4423,6202,26959,1991,2149062,1079,4756,7028,31136,2596,2082443,4337623
2012,Djibouti,DJI,18,22,11,56,7,221,11,19,11,40,0,185,620
2012,Ethiopia,ETH,2930,4029,2654,13691,551,25566,3062,4286,3251,14989,695,27937,79704
2012,Guatemala,GTM,14,14,30,130,0,193,5,19,27,206,0,274,6389
2012,Guinea,GIN,56,75,45,279,5,3717,27,50,33,478,14,3440,14057
2012,Honduras,HND,16,27,30,113,0,186,10,23,28,159,0,220,2611
2012,Libya,LBY,57,70,26,407,56,701,57,77,58,1441,114,1887,64660
2012,Mali,MLI,14082,18466,9031,31517,2577,78225,14068,18545,8612,23752,2644,68517,377860
2012,Mozambique,MOZ,0,0,13,18,0,36,0,0,6,82,0,95,155
2012,Niger,NER,5,12,6,35,0,105,0,8,5,159,0,235,824
2012,Nigeria,NGA,211,527,429,1796,60,3513,203,575,386,2609,101,4331,18006
2012,Rwanda,RWA,5643,11886,7955,18130,762,46424,6284,10206,7718,17750,667,44419,97447
2012,El Salvador,SLV,10,36,40,311,45,449,10,31,40,466,63,623,8172
2012,Somalia,SOM,205608,233928,140129,454296,30684,1065774,199723,247706,145563,474546,29611,1098827,2269689
2012,Sudan,SDN,47273,60992,43178,120184,10032,1218164,48580,60398,43040,84854,8370,1184484,2442207
2012,Uganda,UGA,54,79,87,301,21,691,71,90,70,387,30,820,5590
2012,Ukraine,UKR,37,273,687,6361,2911,10745,39,296,702,6483,2403,10356,25241
2012,Zimbabwe,ZWE,51,78,60,293,16,511,72,67,51,466,9,687,80031
2013,Afghanistan,AFG,124010,293546,214070,582186,35019,1250369,129031,303152,238913,613417,63029,1351626,3463572
2013,Antigua and Barbuda,ATG,0,0,7,0,0,7,0,0,0,5,0,5,50
2013,Azerbaijan,AZE,22,79,70,1343,461,3438,19,99,94,1332,288,3155,619837
2013,Burundi,BDI,20665,34986,26909,63543,5575,152041,20024,34482,26031,65080,6955,152995,313828
2013,Burkina Faso,BFA,0,0,0,32,0,104,0,5,0,34,0,113,1578
2013,Chad,TCD,967,1216,831,2678,292,23042,993,1099,831,2453,244,23219,68401
2013,Cameroon,CMR,34,132,78,495,30,1185,40,97,95,508,15,1500,11403
2013,Colombia,COL,865,4299,6282,27374,2066,2876207,975,4585,7113,31644,2697,2780638,5764850
2013,Djibouti,DJI,6,7,12,42,0,186,5,21,6,44,0,187,747
2013,Ethiopia,ETH,3069,4275,2542,13389,550,25556,3312,4565,2911,14135,700,27263,80322
2013,Guatemala,GTM,6,21,33,138,0,203,0,14,36,215,0,281,6618
2013,Guinea,GIN,52,54,50,237,5,3999,17,16,24,291,15,3345,14548
2013,Honduras,HND,20,35,28,155,0,238,16,35,39,247,0,337,3298
2013,Libya,LBY,0,11,14,93,5,209,10,22,19,203,5,397,56877
2013,Mali,MLI,12906,20727,8202,32793,3470,80895,12984,20377,8115,21861,2853,67129,407634
2013,Mozambique,MOZ,0,0,5,12,0,22,0,0,0,6,0,13,51
2013,Niger,NER,0,5,0,13,0,57,0,9,5,33,0,102,35841
2013,Nigeria,NGA,952,959,673,2098,245,5485,954,992,608,2106,270,5395,31161
2013,Rwanda,RWA,5217,11068,7842,14553,682,41369,5741,9596,7696,14625,662,40091,87935
2013,El Salvador,SLV,15,32,39,376,42,511,27,43,55,526,63,727,9634
2013,Somalia,SOM,69777,114252,64345,238595,11795,500623,70514,118103,68588,240027,11466,511204,2255801
2013,Sudan,SDN,58921,72783,49994,127084,10611,1255959,60344,71268,47291,93021,8741,1219988,2522207
2013,Uganda,UGA,319,504,292,880,76,2220,353,532,314,446,26,1846,58166
2013,Ukraine,UKR,7,25,28,195,17,692,9,34,34,178,9,614,5160
2013,Zimbabwe,ZWE,74,98,85,393,16,686,93,79,74,554,14,836,79952
2014,Afghanistan,AFG,131353,273731,236377,557222,52187,1252172,133348,282348,250896,600850,74529,1345475,3603018
2014,Antigua and Barbuda,ATG,0,5,0,8,0,13,0,0,0,6,0,6,53
2014,Azerbaijan,AZE,29,70,70,1341,467,3462,32,106,85,1321,287,3176,633401
2014,Burundi,BDI,19518,34486,26101,65864,5569,152924,19268,34000,25563,67396,7057,155964,314317
2014,Burkina Faso,BFA,0,0,0,19,0,80,0,5,5,44,0,105,1855
2014,Chad,TCD,1208,948,2238,999,882,23859,1122,912,1490,1297,1025,22910,83234
2014,Cameroon,CMR,19,71,36,390,28,1037,13,50,46,466,11,1502,10727
2014,Colombia,COL,416,1115,2665,5657,853,3155932,466,1300,3275,7229,944,3046327,6404441
2014,Djibouti,DJI,12,11,12,58,5,176,10,20,19,59,0,171,873
2014,Ethiopia,ETH,2830,3949,2821,12975,434,28003,3095,4168,2932,13494,496,39071,87226
2014,Guatemala,GTM,6,16,25,129,0,181,0,14,25,184,0,233,7487
2014,Guinea,GIN,53,59,40,278,10,3388,21,26,45,372,7,2780,15241
2014,Honduras,HND,18,19,40,135,0,212,18,39,38,226,0,321,4157
2014,Libya,LBY,18,34,30,94,0,262,25,47,25,176,9,431,367259
2014,Mali,MLI,10443,19054,7918,29333,2868,72651,10579,18855,7895,18939,2475,59653,239059
2014,Mozambique,MOZ,0,0,0,10,0,20,0,0,0,7,0,12,55
2014,Niger,NER,0,5,5,7,0,34,0,9,5,39,0,92,727
2014,Nigeria,NGA,2852,3659,2094,6129,458,645831,2854,3746,1863,4940,482,572405,1348948
2014,Rwanda,RWA,5207,8913,5951,15878,954,39300,5389,8541,6016,17089,1007,40452,84246
2014,El Salvador,SLV,11,18,25,185,36,281,21,21,16,237,55,362,10967
2014,Somalia,SOM,62615,113142,65941,216574,13282,479528,64936,117548,73224,237896,12419,541084,2240202
2014,Sudan,SDN,59778,75611,53465,135347,11434,1432530,61548,74987,54615,97876,9402,1397412,2858770
2014,Uganda,UGA,160,264,174,498,38,1372,163,271,173,468,21,1656,187175
2014,Ukraine,UKR,14,72,57,299,50,698098,18,65,58,289,29,358390,1060620
2014,Zimbabwe,ZWE,77,84,65,282,14,3231,76,71,48,460,10,4280,22593
2015,Afghanistan,AFG,183270,319784,255354,612281,47061,1421648,189140,342867,280175,669304,68845,1558433,3990962
2015,Antigua and Barbuda,ATG,0,0,0,0,0,0,0,0,0,0,0,0,56
2015,Azerbaijan,AZE,27,74,65,1312,483,3581,18,113,75,1293,287,3293,627931
2015,Burundi,BDI,34964,51107,42168,106674,7787,243055,35208,48835,39820,99861,6571,230671,481755
2015,Burkina Faso,BFA,0,0,0,16,0,118,0,0,7,47,0,143,2142
2015,Chad,TCD,999,1363,934,2679,305,6656,1089,1263,882,2389,246,58808,96914
2015,Cameroon,CMR,21,65,37,397,25,48242,17,44,46,435,17,46828,103217
2015,Colombia,COL,543,4785,13026,14653,1516,113232,587,5011,13574,18896,1852,129049,7279184
2015,Djibouti,DJI,0,5,7,18,0,245,0,10,7,41,0,220,1058
2015,Ethiopia,ETH,2770,3975,2324,12254,447,22199,3037,4115,2604,12573,502,23227,86012
2015,Guatemala,GTM,0,0,0,11,0,707,0,5,0,11,0,2844,13779
2015,Guinea,GIN,42,66,22,291,5,5880,22,24,44,447,7,4313,16988
2015,Honduras,HND,10000,12700,13722,50051,4300,90773,11100,15905,12517,45362,3600,88484,185947
2015,Libya,LBY,20,33,40,153,0,398,20,50,36,319,10,635,440951
2015,Mali,MLI,10317,20789,9643,32175,3029,79148,10597,20647,9535,20825,2753,65274,216147
2015,Mozambique,MOZ,0,0,0,12,0,17,0,0,0,12,0,17,55
2015,Niger,NER,30,50,39,97,19,114743,33,60,27,106,7,93204,208719
2015,Nigeria,NGA,6106,8469,4274,13545,1216,72082,6170,8562,4170,9927,1143,61119,2340508
2015,Rwanda,RWA,29113,37030,25297,48406,2639,144429,25712,37699,26530,47255,3398,142372,292158
2015,El Salvador,SLV,8,25,368,2198,195,2806,14,14,440,7235,257,7972,24878
2015,Somalia,SOM,188706,233801,149905,448882,31051,1055834,182618,246182,156338,454364,30337,1074158,2256946
2015,Sudan,SDN,51236,76805,47131,135114,11605,322455,53229,77144,46292,95658,9003,285093,3845300
2015,Uganda,UGA,18035,18085,18067,18279,18005,90550,18044,18078,18066,18390,18029,90689,186301
2015,Ukraine,UKR,66,111,72,560,91,1544,55,94,82,417,40,1210,1921404
2015,Zimbabwe,ZWE,60,87,54,345,8,567,68,82,61,379,11,622,21464
2016,Afghanistan,AFG,269190,337521,274214,661242,67377,1612780,295597,339069,301311,732112,88617,1767113,4413209
2016,Antigua and Barbuda,ATG,0,0,0,8,0,8,0,0,0,0,0,0,82
2016,Azerbaijan,AZE,37,87,67,1347,485,3669,29,128,78,1327,302,3455,623242
2016,Burundi,BDI,36936,53730,46303,132844,10019,281508,37586,54611,47971,135421,9263,287432,713346
2016,Burkina Faso,BFA,0,10,0,17,0,150,0,5,0,46,0,147,2352
2016,Chad,TCD,15354,17974,11886,34705,4469,84800,16844,16969,10756,20997,2540,69091,155224
2016,Cameroon,CMR,25231,23240,18185,30701,4059,102038,23547,22615,20640,26976,4918,99875,209251
2016,Colombia,COL,781,1552,3227,5016,961,3722914,404,1072,2917,8738,1799,3880806,7721875
2016,Djibouti,DJI,0,5,14,49,0,337,5,19,17,78,0,322,1437
2016,Ethiopia,ETH,2751,4063,2732,12665,458,27737,2932,4277,2941,12018,540,36925,84610
2016,Guatemala,GTM,0,0,0,20,0,36,0,0,10,16,0,58,12549
2016,Guinea,GIN,53,69,38,337,5,6213,34,30,41,534,7,4512,17531
2016,Honduras,HND,10005,12700,13734,48661,4300,90340,11100,15912,12520,41698,3600,88782,189309
2016,Libya,LBY,44,76,55,279,0,641,47,84,56,634,11,1207,183339
2016,Mali,MLI,9810,15475,18593,27733,2932,77909,10016,15196,13348,23466,2784,65733,193126
2016,Mozambique,MOZ,0,0,0,12,0,12,0,0,0,12,0,21,15176
2016,Niger,NER,13173,17918,7173,27158,1976,67448,15079,20187,7794,22803,3321,69278,137296
2016,Nigeria,NGA,21467,26816,12139,40518,3296,105314,22563,27806,12910,31792,5002,100726,2448547
2016,Rwanda,RWA,29076,36963,25484,48721,2651,145483,25625,37866,26746,47501,3434,143729,292071
2016,El Salvador,SLV,8,29,28,248,45,4178,9,18,63,285,57,6949,29418
2016,Somalia,SOM,241911,282279,144758,450705,38220,1165416,304161,329019,180330,448667,35630,1324173,2575115
2016,Sudan,SDN,56999,78296,49287,137282,11789,334475,58889,78756,47587,94258,9225,295442,2876049
2016,Uganda,UGA,18033,18091,18058,18330,18018,90755,18048,18090,18055,18420,18032,91127,186227
2016,Ukraine,UKR,59,131,69,648,99,1868,41,89,96,462,52,1451,2039071
2016,Zimbabwe,ZWE,54,99,53,345,8,2631,78,70,53,390,17,3294,18301
2017,Afghanistan,AFG,333752,382450,298066,753161,71956,1842298,341748,410782,328538,826864,94485,2018438,4909383
2017,Antigua and Barbuda,ATG,0,0,0,0,0,0,0,0,0,0,0,0,99
2017,Azerbaijan,AZE,104,174,115,1590,513,4092,126,204,155,1550,305,3871,623673
2017,Burundi,BDI,39489,59393,44815,145329,42397,333428,38956,58079,44674,143410,9862,323391,660770
2017,Burkina Faso,BFA,279,336,149,539,17,1433,246,304,175,369,22,1201,5044
2017,Chad,TCD,13778,18337,8098,28153,2471,82251,13659,18264,8253,16915,2134,70028,153604
2017,Cameroon,CMR,22,41,31,395,31,109691,29,36,61,498,19,114678,232737
2017,Colombia,COL,609,1311,2345,10896,1019,4112459,654,1394,2473,12284,1314,3656426,7869246
2017,Djibouti,DJI,5,5,8,30,0,216,0,14,8,40,0,162,1759
2017,Ethiopia,ETH,3027,4357,3315,14262,655,30788,3168,4621,3709,13704,862,40191,1170107
2017,Guatemala,GTM,0,0,0,11,0,27,0,0,5,16,0,45,16283
2017,Guinea,GIN,141,124,38,551,6,5497,100,58,132,823,11,4439,20330
2017,Honduras,HND,10005,12708,13711,48660,4300,89962,11100,15900,12513,41655,3600,87576,191624
2017,Libya,LBY,106,123,86,454,9,1060,95,183,76,790,21,1611,192137
2017,Mali,MLI,12695,17849,9602,28516,2391,74723,12763,17849,9526,17507,2360,61084,188844
2017,Mozambique,MOZ,0,0,0,18,0,18,0,0,0,6,0,15,15176
2017,Niger,NER,14337,24733,8076,27704,3164,78033,12144,19276,6176,18363,4809,60813,145197
2017,Nigeria,NGA,21038,29080,12599,45881,3427,113438,20561,26449,12064,33138,3868,96814,1943043
2017,Rwanda,RWA,25640,33266,22770,44921,2610,131346,22333,34283,24203,44319,3466,130964,265671
2017,El Salvador,SLV,0,15,10,226,33,40160,0,6,22,239,52,37054,101579
2017,Somalia,SOM,228309,386400,191632,574755,93127,1481328,232192,403629,211920,557641,105757,1535689,3103288
2017,Sudan,SDN,56857,75137,88698,120621,12351,354700,58786,74329,62063,103235,9918,319270,2691563
2017,Uganda,UGA,37,75,53,281,8,90680,39,79,68,385,23,91070,186397
2017,Ukraine,UKR,65,142,67,671,146,1171993,61,116,78,420,71,631471,1939589
2017,Zimbabwe,ZWE,70,103,63,428,13,2678,79,124,68,417,12,3308,17583
2018,Afghanistan,AFG,350124,432116,322940,836802,83452,2028301,353827,457334,348888,899929,107560,2185434,5278009
2018,Antigua and Barbuda,ATG,0,5,0,7,0,12,0,0,0,5,0,5,107
2018,Azerbaijan,AZE,116,219,125,1690,522,4191,136,262,177,1630,331,3976,631666
2018,Burundi,BDI,39542,45063,32262,87322,5664,210270,39847,45514,31546,95067,5082,217554,433890
2018,Burkina Faso,BFA,5160,7258,3737,11290,1039,28634,5161,7759,4223,8871,1124,27229,58476
2018,Chad,TCD,15839,15184,13568,35355,9186,89660,14412,21155,25334,29956,9878,101845,192893
2018,Cameroon,CMR,2661,3632,2191,9758,824,401052,2674,3481,1887,6617,455,302941,713600
2018,Colombia,COL,4918,6801,8508,13285,1727,4047652,5341,7377,9204,14282,1854,3842864,7955057
2018,Djibouti,DJI,13,19,16,74,5,324,0,26,18,73,0,242,2123
2018,Ethiopia,ETH,3386,4633,3234,16363,749,1363506,3423,5010,3451,16044,1032,1311827,2712230
2018,Guatemala,GTM,0,0,5,21,0,31,0,6,5,46,0,66,19149
2018,Guinea,GIN,216,151,47,821,12,6757,161,87,155,1137,13,5357,23493
2018,Honduras,HND,5,25,14,114,5,90314,0,18,19,136,0,89232,239276
2018,Libya,LBY,116,203,108,539,11,91642,132,232,110,963,30,82195,184352
2018,Mali,MLI,11566,18113,11270,30684,2570,78005,11845,18007,11027,19174,2578,63612,278567
2018,Mozambique,MOZ,0,0,0,19,0,24,0,0,0,7,0,13,57
2018,Niger,NER,9368,20309,8475,30182,2725,71090,9342,19551,7527,20598,3682,60758,184578
2018,Nigeria,NGA,21894,34121,15121,53301,4449,130638,22205,33078,14899,37822,4881,113684,2446162
2018,Rwanda,RWA,24917,32780,22560,44173,2630,128639,21650,33756,24009,44090,3494,128456,262466
2018,El Salvador,SLV,5,18,23,236,17,322,6,22,30,211,11,312,131351
2018,Somalia,SOM,382162,376251,215470,741257,27057,1744070,401856,391244,218291,703366,28494,1746478,3597724
2018,Sudan,SDN,58860,84983,56031,154631,12746,368538,61006,85905,54167,109104,10310,334065,2588959
2018,Uganda,UGA,43,107,54,408,8,686,60,94,61,573,28,910,187027
2018,Ukraine,UKR,62,154,86,782,180,2222,55,145,74,502,85,1626,1593248
2018,Zimbabwe,ZWE,69,101,71,507,16,790,78,112,75,466,16,774,15727
2019,Afghanistan,AFG,370046,473005,363607,901359,92317,2203060,369351,506901,398197,999335,115084,2412457,5731617
2019,Antigua and Barbuda,ATG,0,0,0,0,0,0,0,0,0,0,0,0,117
2019,Azerbaijan,AZE,110,231,144,1667,526,4209,131,268,190,1558,338,3968,663950
2019,Burundi,BDI,38947,40571,27458,100486,5111,213066,38889,41986,27559,97059,4583,210672,431751
2019,Burkina Faso,BFA,51765,76209,41132,112918,8553,290750,51979,78409,45850,92641,9141,278130,573957
2019,Chad,TCD,25044,35328,24971,74356,6548,166890,25714,35358,23519,45032,4420,135297,303777
2019,Cameroon,CMR,4247,5899,3530,14011,1059,522106,4404,5717,3362,10560,655,483130,1016494
2019,Colombia,COL,5035,6726,8423,12117,1718,4341439,5100,6812,8542,12307,1731,4104071,8565666
2019,Djibouti,DJI,5,7,5,29,0,256,0,15,8,31,0,186,2350
2019,Ethiopia,ETH,3370,4789,3287,16756,844,29798,3536,5073,3550,16329,1152,30603,1830939
2019,Guatemala,GTM,0,5,5,25,0,41,0,6,5,23,0,43,70604
2019,Guinea,GIN,263,189,86,1022,12,7927,199,163,98,1299,12,6459,26857
2019,Honduras,HND,0,28,5,90,0,139326,0,21,12,89,0,113805,346278
2019,Libya,LBY,95,203,123,551,16,1298,137,255,123,1017,35,2305,371738
2019,Mali,MLI,11362,18969,12277,31939,2579,192491,11429,18797,11982,19712,2593,162068,372217
2019,Mozambique,MOZ,0,0,0,21,0,26,0,0,0,7,0,14,180593
2019,Niger,NER,10788,22714,9417,28987,3509,75451,9638,20250,8400,25817,3128,67312,224844
2019,Nigeria,NGA,22169,36534,16754,54492,4816,137008,21130,34427,15515,41895,4761,118707,2491349
2019,Rwanda,RWA,24727,32451,22495,44896,2660,128798,21541,33434,23900,44209,3590,128105,261967
2019,El Salvador,SLV,6,21,47,354,21,480,9,45,45,295,17,446,146507
2019,Somalia,SOM,388590,361434,207165,731117,26644,1716454,408487,376488,210641,702454,28120,1729311,3549733
2019,Sudan,SDN,59819,83836,56553,156984,12056,1440420,61750,85265,55430,109945,9523,1155031,2620541
2019,Uganda,UGA,53,75,49,363,13,622,40,85,74,564,52,905,2311813
2019,Ukraine,UKR,48,154,77,646,198,1353982,50,140,80,418,95,1063763,2474096
2019,Zimbabwe,ZWE,65,117,70,531,10,817,63,110,62,452,5,719,280165
