,origin_country,2_letter_code,3_letter_code,female_total,male_total,total,latitude,longitude,gdp_per_cap,gdp_per_cap_growth_rate,inflation_rate
0,Afghanistan,AF,AFG,2203060,2412457,5731617,33.93911,67.709953,507.10343190000003,1.5369121030000001,6.521479845
1,Albania,AL,ALB,3869,3476,15027,41.153332,20.168331,5353.244856,2.676549556,0.363243318
2,Algeria,DZ,DZA,1298,1640,4619,28.033886,1.6596259999999998,3973.9640719999998,-1.130692304,-0.91006569
3,Angola,AO,AGO,12150,11963,26414,-11.202691999999999,17.873887,2790.726615,-3.7956739369999997,27.22903537
4,Antigua and Barbuda,AG,ATG,0,0,117,17.060816,-61.796428000000006,17112.82113,3.762049185,-1.081850568
5,Argentina,AR,ARG,13,7,104,-38.416097,-63.616671999999994,9912.281809,-3.0558548610000003,50.6225684
6,Armenia,AM,ARM,3596,3602,10967,40.069099,45.038189,4622.733493,7.383361636,1.462713929
7,Australia,AU,AUS,5,5,20,-25.274398,133.775136,55060.3261,0.623892342,3.3981044710000003
8,Austria,AT,AUT,5,0,18,47.516231,14.550072,50137.66278,1.001203453,1.7261068609999999
9,Azerbaijan,AZ,AZE,4209,3968,663950,40.143105,47.576927000000005,4793.58702,1.366684408,-0.22964079
10,Bahrain,BH,BHR,47,79,555,25.930414000000003,50.637772,23503.977130000003,-2.6311785569999997,0.6171625279999999
11,Bangladesh,BD,BGD,1159,6120,23263,23.684994,90.35633100000001,1855.7398239999998,7.031583836,4.458951253
12,Barbados,BB,BRB,0,0,243,13.193887,-59.543198,18148.24493,-0.22979319199999998,2.5068813480000003
13,Belarus,BY,BLR,386,422,3425,53.709807,27.953389,6663.295293,1.400047931,6.572033811
14,Belgium,BE,BEL,6,0,34,50.503887,4.469936,46420.66377,1.238815024,1.655469106
15,Belize,BZ,BLZ,0,0,73,17.189877,-88.49765,4815.163711,-1.596915994,0.175475884
16,Benin,BJ,BEN,97,95,722,9.30769,2.315834,1219.4326720000001,4.0032068569999995,-0.317730866
17,Bhutan,BT,BTN,3002,3550,6839,27.514162,90.433601,3316.175714,4.262399596,0.973225144
18,Bosnia and Herzegovina,BA,BIH,74214,77060,161883,43.915886,17.679076000000002,6108.510696,3.3913712289999998,2.5891262790000003
19,Botswana,BW,BWA,10,5,228,-22.328474,24.684866,7961.325181,0.750498413,0.6410818979999999
20,Brazil,BR,BRA,46,21,1399,-14.235004,-51.92528,8717.186278,0.379344236,4.154274316
21,Bulgaria,BG,BGR,60,96,571,42.733883,25.48583,9828.148515,4.426793443,5.250219041
22,Burkina Faso,BF,BFA,290750,278130,573957,12.238333,-1.561593,786.8956312999999,2.735458618,-0.632603927
23,Burundi,BI,BDI,213066,210672,431751,-3.3730559999999996,29.918885999999997,261.2474725,-1.294802749,0.822247025
24,Cambodia,KH,KHM,5638,5751,11985,12.565679,104.990963,1643.1213890000001,5.516827769,3.235371769
25,Cameroon,CM,CMR,522106,483130,1016494,7.369722,12.354722,1507.450206,1.074649585,2.523881004
26,Canada,CA,CAN,14,10,71,56.130366,-106.34677099999999,46194.725230000004,0.218665439,1.9106623040000001
27,Cayman Islands,KY,CYM,0,0,6,19.513469,-80.566956,,,
28,Chad,TD,TCD,166890,135297,303777,15.454166,18.732207,709.5403100999999,0.209857603,2.85603412
29,Chile,CL,CHL,132,146,484,-35.675146999999996,-71.542969,14896.45387,-0.133968534,2.668611345
30,China,CN,CHN,4683,6238,212864,35.86166,104.195397,10216.63033,5.571840827999999,1.287452077
31,Colombia,CO,COL,4341439,4104071,8565666,4.570868,-74.297333,6428.676206,1.86865604,4.2880010219999996
32,Comoros,KM,COM,229,403,658,-11.875001,43.872219,1370.148207,-0.23894782,2.323638228
33,Costa Rica,CR,CRI,10,0,206,9.748917,-83.753428,12243.81143,1.110597648,1.765405243
34,Croatia,HR,HRV,4847,4383,27545,45.1,15.2,14936.10055,3.373359682,1.499154822
35,Cuba,CU,CUB,222,510,6627,21.521757,-77.78116700000001,,,
36,Denmark,DK,DNK,0,0,5,56.26392,9.501785,60170.342639999995,2.409078245,0.743328408
37,Djibouti,DJ,DJI,256,186,2350,11.825138,42.590275,3414.9248700000003,6.149888276,2.3931123380000003
38,Dominica,DM,DMA,5,0,50,15.414999,-61.370976,8110.568512000001,3.29283276,2.05534723
39,Ecuador,EC,ECU,44,31,1646,-1.8312389999999998,-78.183406,6183.823825,-1.6123686730000002,-0.171087541
40,El Salvador,SV,SLV,480,446,146507,13.794185,-88.89653,4187.2500310000005,1.8618646730000001,1.058462471
41,Equatorial Guinea,GQ,GNQ,38,26,156,1.6508009999999997,10.267895,8131.923887999999,-8.849975429,-7.2298393910000005
42,Eritrea,ER,ERI,168912,197110,504415,15.179383999999999,39.782334000000006,,,
43,Estonia,EE,EST,0,10,274,58.595271999999994,25.013607,23723.306109999998,4.631335805,3.226953436
44,Ethiopia,ET,ETH,29798,30603,1830939,9.145,40.489672999999996,855.7608623,5.604510971,12.86039682
45,Fiji,FJ,FJI,0,0,591,-16.578193,179.414413,6175.88872,-1.16910178,2.3742642590000003
46,France,FR,FRA,5,15,53,46.227638,2.213749,40493.92857,1.3663440119999999,1.227217569
47,Gabon,GA,GAB,154,120,435,-0.803689,11.609444,7767.013404,1.39466775,1.55453258
48,Georgia,GE,GEO,154508,136266,293735,42.315407,43.356891999999995,4697.704576,5.156371879,5.192391369
49,Germany,DE,DEU,5,0,64,51.165690999999995,10.451526,46445.2491,0.28085653899999996,2.192462941
50,Ghana,GH,GHA,6140,4831,18428,7.946527000000001,-1.0231940000000002,2202.1155670000003,4.2004366719999995,9.188793967
51,Greece,GR,GRC,7,44,95,39.074208,21.824312,19582.53598,2.0282917030000003,-0.37884460700000006
52,Grenada,GD,GRD,0,0,80,12.262775999999999,-61.604170999999994,10808.672120000001,1.4147380269999998,1.640141642
53,Guatemala,GT,GTM,41,43,70604,15.783470999999999,-90.23075899999999,4619.985258,2.237097307,3.4133372810000004
54,Guinea,GN,GIN,7927,6459,26857,9.945587,-9.696645,962.8399086000001,2.6487142130000003,8.806818182
55,Guinea-Bissau,GW,GNB,382,683,2093,11.803749,-15.180413,697.2949269,2.061873241,-7.409270063999999
56,Guyana,GY,GUY,5,14,284,4.860416000000001,-58.93018000000001,6609.586425,4.846501504,2.961193225
57,Haiti,HT,HTI,1861,2217,26734,18.971187,-72.28521500000001,1272.490925,-2.903213449,17.43316623
58,Honduras,HN,HND,139326,113805,346278,15.199998999999998,-86.241905,2574.912191,0.982330295,4.338461943
59,Hungary,HU,HUN,102,203,4012,47.162494,19.503304,16731.821509999998,4.638293798,4.814220672
60,Iceland,IS,ISL,5,0,5,64.96305100000001,-19.020835,66944.83308,-0.504942742,4.391280074
61,India,IN,IND,466,507,12080,20.593684,78.96288,2099.599048,3.128532264,2.91168481
62,Indonesia,ID,IDN,988,37,12039,-0.789275,113.921327,4135.569263,3.875165687,1.6045359259999998
63,Iraq,IQ,IRQ,97243,123618,1782632,33.223191,43.679291,5955.10901,2.0738987190000002,-0.0008714889999999999
64,Israel,IL,ISR,24,27,452,31.046051000000002,34.851612,43592.08358,1.5230150569999998,2.174299284
65,Italy,IT,ITA,21,13,76,41.87194,12.56738,33228.23668,0.5496768879999999,0.709802319
66,Jamaica,JM,JAM,15,82,2529,18.109581,-77.297508,5582.2637780000005,0.24149631,7.591489574
67,Japan,JP,JPN,14,9,39,36.204824,138.252924,40246.88013,0.864738282,0.591509482
68,Jordan,JO,JOR,2204,338,4258,30.585164000000002,36.238414,4405.488412,0.485101304,1.670625596
69,Kazakhstan,KZ,KAZ,429,358,2758,48.019573,66.923684,9812.390376000001,3.159841981,7.633286237999999
70,Kenya,KE,KEN,2457,2191,7702,-0.023559,37.906193,1816.546916,2.998930483,3.961055338
71,Kuwait,KW,KWT,79,210,1308,29.311659999999996,47.481766,32000.44847,-1.238183559,-4.180330002
72,Latvia,LV,LVA,15,30,144,56.879635,24.603189,17828.894659999998,2.8215723089999996,2.428192868
73,Lebanon,LB,LBN,5370,1637,10670,33.854721000000005,35.862285,7583.694722,-6.792378488,4.517428468
74,Lesotho,LS,LSO,0,0,6,-29.609988,28.233608,1118.131284,-1.605522389,1.560837731
75,Liberia,LR,LBR,1509,1472,5395,6.4280550000000005,-9.429499,621.8929536,-4.621588492,-3.734592332
76,Libya,LY,LBY,1298,2305,371738,26.3351,17.228331,7685.949267,1.039924032,-1.103625624
77,Lithuania,LT,LTU,5,6,61,55.169438,23.881275,19601.89083,4.889188543,2.8073539910000003
78,Luxembourg,LU,LUX,5,0,5,49.815273,6.129583,114704.5942,0.325616347,3.3920934610000004
79,Madagascar,MG,MDG,124,105,298,-18.766947000000002,46.869107,523.3590644999999,2.102569679,5.455740287999999
80,Malawi,MW,MWI,56,46,514,-13.254307999999998,34.301525,411.5523404,1.649562331,8.165981151
81,Malaysia,MY,MYS,9,19,906,4.210483999999999,101.97576600000001,11414.206979999999,2.927798195,0.063605951
82,Maldives,MV,MDV,10,0,75,3.202778,73.22068,10626.5134,3.912400211,-0.54845993
83,Mali,ML,MLI,192491,162068,372217,17.570692,-3.9961660000000006,879.0080104,1.6588904999999998,1.931019918
84,Malta,MT,MLT,0,0,5,35.937496,14.375416,29820.60325,1.157843269,2.171164428
85,Marshall Islands,MH,MHL,0,0,7,7.131474000000001,171.184478,,,
86,Mauritania,MR,MRT,16259,18954,37415,21.00789,-10.940835,1679.4448730000001,3.067004864,4.676945828
87,Mauritius,MU,MUS,29,17,178,-20.348404000000002,57.552152,11099.24028,2.98155626,0.520866544
88,Mexico,MX,MEX,31,35,14621,23.634501,-102.552784,9946.033829,-1.139364448,3.966725639
89,Monaco,MC,MCO,0,0,5,43.750298,7.412841,,,
90,Mongolia,MN,MNG,470,367,2376,46.862496,103.84665600000001,4339.843279,3.3670897969999998,9.381413665
91,Montenegro,ME,MNE,224,181,661,42.708678000000006,19.37439,8908.934792,4.077992873,2.022154708
92,Morocco,MA,MAR,772,1144,4894,31.791702,-7.09262,3204.095003,1.036395573,1.337706673
93,Mozambique,MZ,MOZ,26,14,180593,-18.665695,35.529562,503.5707727,-0.647121135,4.450574748999999
94,Namibia,,NAM,0,5,457,-22.957639999999998,18.49041,4957.458222,-2.968116845,1.5020737880000001
95,Nepal,NP,NPL,417,171,8378,28.394857000000002,84.12400799999999,1071.050761,5.043372216,6.169445463
96,Netherlands,NL,NLD,16,15,55,52.132633,5.291266,52331.31673,1.083609597,2.957800157
97,New Zealand,NZ,NZL,0,8,34,-40.900557,174.88597099999998,42084.35337,1.221962653,1.665585085
98,Nicaragua,NI,NIC,36,35,4593,12.865416,-85.207229,1912.9037449999998,-5.053689138,4.668069696
99,Niger,NE,NER,75451,67312,224844,17.607789,8.081666,553.8950504,1.960443907,0.107117534
100,Nigeria,NG,NGA,137008,118707,2491349,9.081999,8.675277000000001,2229.8586960000002,-0.379722447,10.38477919
101,Norway,NO,NOR,0,0,5,60.472024,8.468946,75419.63487000001,0.474165157,-0.62356977
102,Oman,OM,OMN,0,9,1016,21.512583,55.923255000000005,15343.062,-4.5244211,-2.730066962
103,Pakistan,PK,PAK,90824,101868,240456,30.375321000000003,69.345116,1284.702041,-1.039798675,8.62080281
104,Panama,PA,PAN,0,0,45,8.537981,-80.782127,15731.01603,1.318918339,-0.42543355
105,Papua New Guinea,PG,PNG,0,0,475,-6.314993,143.95555,2829.170309,3.851133162,0.022658841000000002
106,Paraguay,PY,PRY,20,7,84,-23.442503,-58.44383199999999,5414.799138,-1.286735985,2.8667003280000003
107,Peru,PE,PER,446,475,2764,-9.189967,-75.015152,6977.6957840000005,0.512493735,1.5555305730000002
108,Philippines,PH,PHL,91322,87690,234477,12.879721,121.77401699999999,3485.084218,4.604007082,0.7636386470000001
109,Poland,PL,POL,237,514,961,51.919438,19.145135999999997,15692.50703,4.551590867,3.149155153
110,Portugal,PT,PRT,5,0,25,39.399871999999995,-8.224454,23252.05852,2.3793838430000003,1.682328534
111,Qatar,QA,QAT,5,0,36,25.354826,51.183884,62088.06183,-1.018243325,-4.82686573
112,Romania,RO,ROU,137,215,1354,45.943160999999996,24.96676,12919.52964,4.7767992139999995,6.91580781
113,Rwanda,RW,RWA,128798,128105,261967,-1.940278,29.873888,820.0252417,6.612039127,2.5616809
114,Saudi Arabia,SA,SAU,122,120,1731,23.885942,45.079162,23139.79866,-1.333256378,0.486383588
115,Senegal,SN,SEN,4198,3642,17207,14.497401000000002,-14.452361999999999,1446.830965,2.4159365409999998,1.677973053
116,Seychelles,SC,SYC,0,0,15,-4.679574,55.491977,17448.27029,4.38155693,2.877366335
117,Sierra Leone,SL,SLE,1057,1301,5285,8.460555000000001,-11.779889,527.5336344,3.305751805,8.633675335
118,Singapore,SG,SGP,0,8,39,1.352083,103.819836,65233.282439999995,-0.412794668,0.094866033
119,Slovenia,SI,SVN,0,6,19,46.151241,14.995463,25946.18219,2.489904906,2.26007656
120,Solomon Islands,SB,SLB,6,0,34,-9.645710000000001,160.156194,2373.63247,-1.368094911,1.306032195
121,Somalia,SO,SOM,1716454,1729311,3549733,5.152149,46.199616,,,
122,South Africa,ZA,ZAF,97,74,446,-30.559482,22.937506,6001.400814,-1.179143333,4.021220705
123,Spain,ES,ESP,7,13,51,40.463667,-3.7492199999999998,29600.37825,1.3458621709999998,1.388484329
124,Sri Lanka,LK,LKA,40081,49806,135454,7.873054,80.77179699999999,3853.083693,1.6595281880000001,2.191303306
125,Sudan,SD,SDN,1440420,1155031,2620541,12.862807,30.217636,441.5056034,-4.858183487,49.64820534
126,Suriname,SR,SUR,5,0,17,3.9193050000000005,-56.02778299999999,6359.833614,-0.659543589,6.367786387000001
127,Sweden,SE,SWE,8,0,13,60.128161,18.643501,51615.02065,0.175669648,2.701777288
128,Switzerland,CH,CHE,0,0,5,46.818188,8.227511999999999,81993.72713,0.216690512,0.395972011
129,Tajikistan,TJ,TJK,461,525,1985,38.861034000000004,71.276093,870.7875892999999,4.48344979,5.000434472
130,Thailand,TH,THA,36,22,171,15.870032,100.992541,7806.742211,2.0650042490000002,0.7459876209999999
131,Timor-Leste,TL,TLS,0,0,17,-8.874217,125.727539,1560.509822,16.4147346,8.961451304
132,Togo,TG,TGO,2288,3228,8027,8.619543,0.824782,679.2902491,2.8197272910000004,2.488900622
133,Tonga,TO,TON,0,0,32,-21.178986,-175.198242,4903.152903,-0.516300499,7.662577839
134,Trinidad and Tobago,TT,TTO,0,5,507,10.691803,-61.222503,17397.98176,-0.36947346,1.693137577
135,Tunisia,TN,TUN,257,398,2075,33.886917,9.537499,3317.453593,-0.07597171700000001,7.0313892860000005
136,Turkey,TR,TUR,23573,33267,83286,38.963745,35.243322,9126.561345999999,-0.425990321,13.90620743
137,Turkmenistan,TM,TKM,59,64,478,38.969719,59.556278000000006,,,
138,Turks and Caicos Islands,TC,TCA,0,0,14,21.694025,-71.797928,31353.329319999997,3.873934974,2.129319274
139,Uganda,UG,UGA,622,905,2311813,1.373333,32.290275,794.3410779,3.072401728,2.162569178
140,Ukraine,UA,UKR,1353982,1063763,2474096,48.379433,31.16558,3659.0313119999996,3.827901957,8.129994331
141,United Arab Emirates,AE,ARE,22,17,155,23.424076,53.847818000000004,43103.32306,0.225275019,-1.89992766
142,Uruguay,UY,URY,0,0,15,-32.522779,-55.765834999999996,16190.12696,-0.13788920400000002,7.667916464
143,Uzbekistan,UZ,UZB,204,233,3219,41.377491,64.585262,1724.841134,3.60039615,19.2336211
144,Zambia,ZM,ZMB,11,0,264,-13.133897,27.849332,1305.063254,-1.450264131,7.632866605
145,Zimbabwe,ZW,ZWE,817,719,280165,-19.015438,29.154857,1463.9859099999999,-9.395469552,-4.035234871
